id,title,platform,module,content_type,source_url,local_pdf,status,drift_status,retrieved_at,extracted_at,sensitive_url,error,raw_markdown_path,curated_markdown_path,raw_text_sha256,software_version,source_updated,created_at,updated_at
GUIDE-001,System Onboarding Quick Guide,SC,System,Quick Guide,https://s3.us-east-1.amazonaws.com/docs.schoolcafe.com/System/Operation_Onboarding_Quick_Guide.pdf,raw/guides/pdf/SC/System/Quick-Guide/GUIDE-001-system-onboarding-quick-guide.pdf,draft_extracted,clean,2026-05-13T20:06:22+00:00,2026-05-18T20:39:35+00:00,false,,raw/guides/markdown/SC/System/Quick-Guide/GUIDE-001-system-onboarding-quick-guide.raw.md,raw/guides/markdown/SC/System/Quick-Guide/GUIDE-001-system-onboarding-quick-guide.md,98fec23e35e18bb2,,,2026-05-13T20:23:05+00:00,2026-05-18T20:51:52+00:00
GUIDE-002,System Maintenance Quick Guide,SC,System,Quick Guide,https://s3.us-east-1.amazonaws.com/docs.schoolcafe.com/System/System_Maintenance_Quick_Guide.pdf,raw/guides/pdf/SC/System/Quick-Guide/GUIDE-002-system-maintenance-quick-guide.pdf,draft_extracted,clean,2026-05-13T20:06:22+00:00,2026-05-18T20:39:36+00:00,false,,raw/guides/markdown/SC/System/Quick-Guide/GUIDE-002-system-maintenance-quick-guide.raw.md,raw/guides/markdown/SC/System/Quick-Guide/GUIDE-002-system-maintenance-quick-guide.md,b9119e4179ac6d67,,,2026-05-13T20:23:05+00:00,2026-05-18T20:51:53+00:00
GUIDE-003,Data Management Quick Guide,SC,System,Quick Guide,https://s3.us-east-1.amazonaws.com/docs.schoolcafe.com/System/Data_Management_Quick_Guide.pdf,raw/guides/pdf/SC/System/Quick-Guide/GUIDE-003-data-management-quick-guide.pdf,draft_extracted,clean,2026-05-13T20:06:23+00:00,2026-05-18T20:39:36+00:00,false,,raw/guides/markdown/SC/System/Quick-Guide/GUIDE-003-data-management-quick-guide.raw.md,raw/guides/markdown/SC/System/Quick-Guide/GUIDE-003-data-management-quick-guide.md,7d7c096bb72650c5,,,2026-05-13T20:23:05+00:00,2026-05-18T20:51:53+00:00
GUIDE-004,Year Begin Checklist,SC,System,Checklist,https://s3.us-east-1.amazonaws.com/docs.schoolcafe.com/System/Year_Begin_Checklist.pdf,raw/guides/pdf/SC/System/Checklist/GUIDE-004-year-begin-checklist.pdf,draft_extracted,clean,2026-05-13T20:06:23+00:00,2026-05-18T20:39:36+00:00,false,,raw/guides/markdown/SC/System/Checklist/GUIDE-004-year-begin-checklist.raw.md,raw/guides/markdown/SC/System/Checklist/GUIDE-004-year-begin-checklist.md,302781f385692fc4,,,2026-05-13T20:23:05+00:00,2026-05-18T20:51:53+00:00
GUIDE-005,Command Center - Front Office Quick Guide,SC,Insights,Quick Guide,https://s3.us-east-1.amazonaws.com/docs.schoolcafe.com/Insights/Insights_Command_Center_Front_Office_Quick_Guide.pdf,raw/guides/pdf/SC/Insights/Quick-Guide/GUIDE-005-command-center-front-office-quick-guide.pdf,draft_extracted,clean,2026-05-13T20:06:24+00:00,2026-05-18T20:39:37+00:00,false,,raw/guides/markdown/SC/Insights/Quick-Guide/GUIDE-005-command-center-front-office-quick-guide.raw.md,raw/guides/markdown/SC/Insights/Quick-Guide/GUIDE-005-command-center-front-office-quick-guide.md,c4645993671c13b9,,,2026-05-13T20:23:05+00:00,2026-05-18T20:51:53+00:00
GUIDE-006,Command Center - Back Office Quick Guide,SC,Insights,Quick Guide,https://s3.us-east-1.amazonaws.com/docs.schoolcafe.com/Insights/Insights_Command_Center_Back_Office_Quick_Guide.pdf,raw/guides/pdf/SC/Insights/Quick-Guide/GUIDE-006-command-center-back-office-quick-guide.pdf,draft_extracted,clean,2026-05-13T20:06:24+00:00,2026-05-18T20:39:37+00:00,false,,raw/guides/markdown/SC/Insights/Quick-Guide/GUIDE-006-command-center-back-office-quick-guide.raw.md,raw/guides/markdown/SC/Insights/Quick-Guide/GUIDE-006-command-center-back-office-quick-guide.md,e234510a68e54ccb,,,2026-05-13T20:23:05+00:00,2026-05-18T20:51:53+00:00
GUIDE-007,Custom Reports Quick Reference Guide,SC,Reports,Quick Guide,https://s3.us-east-1.amazonaws.com/docs.schoolcafe.com/Reports/Custom_Reports_Quick_Reference_Guide.pdf,raw/guides/pdf/SC/Reports/Quick-Guide/GUIDE-007-custom-reports-quick-reference-guide.pdf,draft_extracted,clean,2026-05-13T20:06:25+00:00,2026-05-18T20:39:37+00:00,false,,raw/guides/markdown/SC/Reports/Quick-Guide/GUIDE-007-custom-reports-quick-reference-guide.raw.md,raw/guides/markdown/SC/Reports/Quick-Guide/GUIDE-007-custom-reports-quick-reference-guide.md,55286307dbf0d87f,6.4.8,12/21/2023,2026-05-13T20:23:05+00:00,2026-05-18T20:51:54+00:00
GUIDE-008,Custom Reports Help Guide,SC,Reports,Help Guide,https://s3.us-east-1.amazonaws.com/docs.schoolcafe.com/Reports/Custom_Reports_Help_Guide.pdf,raw/guides/pdf/SC/Reports/Help-Guide/GUIDE-008-custom-reports-help-guide.pdf,draft_extracted,clean,2026-05-13T20:06:26+00:00,2026-05-18T20:39:38+00:00,false,,raw/guides/markdown/SC/Reports/Help-Guide/GUIDE-008-custom-reports-help-guide.raw.md,raw/guides/markdown/SC/Reports/Help-Guide/GUIDE-008-custom-reports-help-guide.md,1ee04ad602bda842,,,2026-05-13T20:23:05+00:00,2026-05-18T20:51:54+00:00
GUIDE-009,POS - Menu Service Quick Card,SC,Accountability,Quick Card,https://s3.us-east-1.amazonaws.com/docs.schoolcafe.com/Accountability/POS/POS_Quick_Card.pdf,raw/guides/pdf/SC/Accountability/Quick-Card/GUIDE-009-pos-menu-service-quick-card.pdf,needs_review,clean,2026-05-13T20:06:26+00:00,2026-05-18T20:39:38+00:00,false,possible_multi_column_layout,raw/guides/markdown/SC/Accountability/Quick-Card/GUIDE-009-pos-menu-service-quick-card.raw.md,raw/guides/markdown/SC/Accountability/Quick-Card/GUIDE-009-pos-menu-service-quick-card.md,555e72a3a39ae666,6.2,3/09/2023,2026-05-13T20:23:05+00:00,2026-05-18T20:51:54+00:00
GUIDE-010,POS - Summary Sale Quick Guide,SC,Accountability,Quick Guide,https://s3.us-east-1.amazonaws.com/docs.schoolcafe.com/Accountability/POS/Summary_Sale_Quick_Guide.pdf,raw/guides/pdf/SC/Accountability/Quick-Guide/GUIDE-010-pos-summary-sale-quick-guide.pdf,draft_extracted,clean,2026-05-13T20:06:27+00:00,2026-05-18T20:39:38+00:00,false,,raw/guides/markdown/SC/Accountability/Quick-Guide/GUIDE-010-pos-summary-sale-quick-guide.raw.md,raw/guides/markdown/SC/Accountability/Quick-Guide/GUIDE-010-pos-summary-sale-quick-guide.md,ee841e16646bd8ca,,,2026-05-13T20:23:05+00:00,2026-05-18T20:51:54+00:00
GUIDE-011,Edit and Add Transactions Quick Guide,SC,Accountability,Quick Guide,https://s3.us-east-1.amazonaws.com/docs.schoolcafe.com/Accountability/Sessions_Edit_Add_Transactions_Quick_Guide.pdf,raw/guides/pdf/SC/Accountability/Quick-Guide/GUIDE-011-edit-and-add-transactions-quick-guide.pdf,draft_extracted,clean,2026-05-13T20:06:27+00:00,2026-05-18T20:39:38+00:00,false,,raw/guides/markdown/SC/Accountability/Quick-Guide/GUIDE-011-edit-and-add-transactions-quick-guide.raw.md,raw/guides/markdown/SC/Accountability/Quick-Guide/GUIDE-011-edit-and-add-transactions-quick-guide.md,996dae3ae33744ee,,,2026-05-13T20:23:05+00:00,2026-05-18T20:51:54+00:00
GUIDE-012,Unbalanced Session Quick Guide,SC,Accountability,Quick Guide,https://s3.us-east-1.amazonaws.com/docs.schoolcafe.com/Accountability/Sessions_Unbalanced_Quick_Guide.pdf,raw/guides/pdf/SC/Accountability/Quick-Guide/GUIDE-012-unbalanced-session-quick-guide.pdf,draft_extracted,clean,2026-05-13T20:06:28+00:00,2026-05-18T20:39:38+00:00,false,,raw/guides/markdown/SC/Accountability/Quick-Guide/GUIDE-012-unbalanced-session-quick-guide.raw.md,raw/guides/markdown/SC/Accountability/Quick-Guide/GUIDE-012-unbalanced-session-quick-guide.md,5a9613d8b626a48b,,,2026-05-13T20:23:05+00:00,2026-05-18T20:51:55+00:00
GUIDE-013,Reconciliation Quick Guide,SC,Accountability,Quick Guide,https://s3.us-east-1.amazonaws.com/docs.schoolcafe.com/Accountability/Sessions_Reconciliation_Quick_Guide.pdf,raw/guides/pdf/SC/Accountability/Quick-Guide/GUIDE-013-reconciliation-quick-guide.pdf,draft_extracted,clean,2026-05-13T20:06:28+00:00,2026-05-18T20:39:39+00:00,false,,raw/guides/markdown/SC/Accountability/Quick-Guide/GUIDE-013-reconciliation-quick-guide.raw.md,raw/guides/markdown/SC/Accountability/Quick-Guide/GUIDE-013-reconciliation-quick-guide.md,cb11d69e3910d2b2,,,2026-05-13T20:23:05+00:00,2026-05-18T20:51:55+00:00
GUIDE-014,Deposits Quick Guide,SC,Accountability,Quick Guide,https://s3.us-east-1.amazonaws.com/docs.schoolcafe.com/Accountability/Deposits_Quick_Guide.pdf,raw/guides/pdf/SC/Accountability/Quick-Guide/GUIDE-014-deposits-quick-guide.pdf,draft_extracted,clean,2026-05-13T20:06:29+00:00,2026-05-18T20:39:39+00:00,false,,raw/guides/markdown/SC/Accountability/Quick-Guide/GUIDE-014-deposits-quick-guide.raw.md,raw/guides/markdown/SC/Accountability/Quick-Guide/GUIDE-014-deposits-quick-guide.md,5afcd4da67d46d2b,,,2026-05-13T20:23:05+00:00,2026-05-18T20:51:55+00:00
GUIDE-015,Transactions - Search Quick Guide,SC,Accountability,Quick Guide,https://s3.us-east-1.amazonaws.com/docs.schoolcafe.com/Accountability/Transactions_Search_Quick_Guide.pdf,raw/guides/pdf/SC/Accountability/Quick-Guide/GUIDE-015-transactions-search-quick-guide.pdf,draft_extracted,clean,2026-05-13T20:06:29+00:00,2026-05-18T20:39:39+00:00,false,,raw/guides/markdown/SC/Accountability/Quick-Guide/GUIDE-015-transactions-search-quick-guide.raw.md,raw/guides/markdown/SC/Accountability/Quick-Guide/GUIDE-015-transactions-search-quick-guide.md,f076d059eaff7e33,,,2026-05-13T20:23:05+00:00,2026-05-18T20:51:55+00:00
GUIDE-016,Transactions - Account History Quick Guide,SC,Accountability,Quick Guide,https://s3.us-east-1.amazonaws.com/docs.schoolcafe.com/Accountability/Transactions_Account_History_Quick_Guide.pdf,raw/guides/pdf/SC/Accountability/Quick-Guide/GUIDE-016-transactions-account-history-quick-guide.pdf,draft_extracted,clean,2026-05-13T20:06:30+00:00,2026-05-18T20:39:39+00:00,false,,raw/guides/markdown/SC/Accountability/Quick-Guide/GUIDE-016-transactions-account-history-quick-guide.raw.md,raw/guides/markdown/SC/Accountability/Quick-Guide/GUIDE-016-transactions-account-history-quick-guide.md,931cf6d2f575adff,,,2026-05-13T20:23:05+00:00,2026-05-18T20:51:55+00:00
GUIDE-017,Transactions - Suspicious Transactions Quick Guide,SC,Accountability,Quick Guide,https://s3.us-east-1.amazonaws.com/docs.schoolcafe.com/Accountability/Transactions_Suspicious_Transactions_Quick_Guide.pdf,raw/guides/pdf/SC/Accountability/Quick-Guide/GUIDE-017-transactions-suspicious-transactions-quick-guide.pdf,draft_extracted,clean,2026-05-13T20:06:30+00:00,2026-05-18T20:39:39+00:00,false,,raw/guides/markdown/SC/Accountability/Quick-Guide/GUIDE-017-transactions-suspicious-transactions-quick-guide.raw.md,raw/guides/markdown/SC/Accountability/Quick-Guide/GUIDE-017-transactions-suspicious-transactions-quick-guide.md,433bebe9db548ae8,,,2026-05-13T20:23:05+00:00,2026-05-18T20:51:55+00:00
GUIDE-018,Transactions - Transaction Adjustments Quick Guide,SC,Accountability,Quick Guide,https://s3.us-east-1.amazonaws.com/docs.schoolcafe.com/Accountability/Transactions_Transaction_Adjustments_Quick_Guide.pdf,raw/guides/pdf/SC/Accountability/Quick-Guide/GUIDE-018-transactions-transaction-adjustments-quick-guide.pdf,draft_extracted,clean,2026-05-13T20:06:30+00:00,2026-05-18T20:39:39+00:00,false,,raw/guides/markdown/SC/Accountability/Quick-Guide/GUIDE-018-transactions-transaction-adjustments-quick-guide.raw.md,raw/guides/markdown/SC/Accountability/Quick-Guide/GUIDE-018-transactions-transaction-adjustments-quick-guide.md,7a565c7325f6554b,,,2026-05-13T20:23:05+00:00,2026-05-18T20:51:55+00:00
GUIDE-019,Transactions - Exceptions - Duplicate Meals Quick Guide,SC,Accountability,Quick Guide,https://s3.us-east-1.amazonaws.com/docs.schoolcafe.com/Accountability/Transactions_Exceptions_Duplicate_Meals_Quick_Guide.pdf,raw/guides/pdf/SC/Accountability/Quick-Guide/GUIDE-019-transactions-exceptions-duplicate-meals-quick-guide.pdf,draft_extracted,clean,2026-05-13T20:06:31+00:00,2026-05-18T20:39:39+00:00,false,,raw/guides/markdown/SC/Accountability/Quick-Guide/GUIDE-019-transactions-exceptions-duplicate-meals-quick-guide.raw.md,raw/guides/markdown/SC/Accountability/Quick-Guide/GUIDE-019-transactions-exceptions-duplicate-meals-quick-guide.md,496f4a1d2defa3d4,,,2026-05-13T20:23:05+00:00,2026-05-18T20:51:55+00:00
GUIDE-020,Transactions - Exceptions - Eligibility Variance Quick Guide,SC,Accountability,Quick Guide,https://s3.us-east-1.amazonaws.com/docs.schoolcafe.com/Accountability/Transactions_Exceptions_Eligibility_Variance_Quick_Guide.pdf,raw/guides/pdf/SC/Accountability/Quick-Guide/GUIDE-020-transactions-exceptions-eligibility-variance-quick-guide.pdf,draft_extracted,clean,2026-05-13T20:06:31+00:00,2026-05-18T20:39:39+00:00,false,,raw/guides/markdown/SC/Accountability/Quick-Guide/GUIDE-020-transactions-exceptions-eligibility-variance-quick-guide.raw.md,raw/guides/markdown/SC/Accountability/Quick-Guide/GUIDE-020-transactions-exceptions-eligibility-variance-quick-guide.md,ec9b109ae8af1ae1,,,2026-05-13T20:23:05+00:00,2026-05-18T20:51:55+00:00
GUIDE-021,Edit Checks Quick Guide,SC,Accountability,Quick Guide,https://s3.us-east-1.amazonaws.com/docs.schoolcafe.com/Accountability/Edit_Checks_Quick_Guide.pdf,raw/guides/pdf/SC/Accountability/Quick-Guide/GUIDE-021-edit-checks-quick-guide.pdf,draft_extracted,clean,2026-05-13T20:06:32+00:00,2026-05-18T20:39:39+00:00,false,,raw/guides/markdown/SC/Accountability/Quick-Guide/GUIDE-021-edit-checks-quick-guide.raw.md,raw/guides/markdown/SC/Accountability/Quick-Guide/GUIDE-021-edit-checks-quick-guide.md,40615453ee27432b,,,2026-05-13T20:23:05+00:00,2026-05-18T20:51:55+00:00
GUIDE-022,End of Day Quick Guide,SC,Accountability,Quick Guide,https://s3.us-east-1.amazonaws.com/docs.schoolcafe.com/Accountability/End_of_Day_Quick_Guide.pdf,raw/guides/pdf/SC/Accountability/Quick-Guide/GUIDE-022-end-of-day-quick-guide.pdf,draft_extracted,clean,2026-05-13T20:06:37+00:00,2026-05-18T20:39:39+00:00,false,,raw/guides/markdown/SC/Accountability/Quick-Guide/GUIDE-022-end-of-day-quick-guide.raw.md,raw/guides/markdown/SC/Accountability/Quick-Guide/GUIDE-022-end-of-day-quick-guide.md,79a4592aa3030a77,,,2026-05-13T20:23:05+00:00,2026-05-18T20:51:55+00:00
GUIDE-023,Claims Quick Guide,SC,Accountability,Quick Guide,https://s3.us-east-1.amazonaws.com/docs.schoolcafe.com/Accountability/Claims_Quick_Guide.pdf,raw/guides/pdf/SC/Accountability/Quick-Guide/GUIDE-023-claims-quick-guide.pdf,draft_extracted,clean,2026-05-13T20:06:38+00:00,2026-05-18T20:39:40+00:00,false,,raw/guides/markdown/SC/Accountability/Quick-Guide/GUIDE-023-claims-quick-guide.raw.md,raw/guides/markdown/SC/Accountability/Quick-Guide/GUIDE-023-claims-quick-guide.md,e3cdc7a7f892effd,,,2026-05-13T20:23:05+00:00,2026-05-18T20:51:55+00:00
GUIDE-024,Claims - Reports Quick Guide,SC,Accountability,Quick Guide,https://s3.us-east-1.amazonaws.com/docs.schoolcafe.com/Accountability/Claims_Reports_Quick_Guide.pdf,raw/guides/pdf/SC/Accountability/Quick-Guide/GUIDE-024-claims-reports-quick-guide.pdf,draft_extracted,clean,2026-05-13T20:06:38+00:00,2026-05-18T20:39:40+00:00,false,,raw/guides/markdown/SC/Accountability/Quick-Guide/GUIDE-024-claims-reports-quick-guide.raw.md,raw/guides/markdown/SC/Accountability/Quick-Guide/GUIDE-024-claims-reports-quick-guide.md,67b09e35151ee557,,,2026-05-13T20:23:05+00:00,2026-05-18T20:51:55+00:00
GUIDE-025,Accountability Reports Quick Guide,SC,Accountability,Quick Guide,https://s3.us-east-1.amazonaws.com/docs.schoolcafe.com/Accountability/Reports_Quick_Guide.pdf,raw/guides/pdf/SC/Accountability/Quick-Guide/GUIDE-025-accountability-reports-quick-guide.pdf,draft_extracted,clean,2026-05-13T20:06:39+00:00,2026-05-18T20:39:40+00:00,false,,raw/guides/markdown/SC/Accountability/Quick-Guide/GUIDE-025-accountability-reports-quick-guide.raw.md,raw/guides/markdown/SC/Accountability/Quick-Guide/GUIDE-025-accountability-reports-quick-guide.md,d5dfd62df34d78e9,,,2026-05-13T20:23:05+00:00,2026-05-18T20:51:56+00:00
GUIDE-026,Charge Limits Quick Guide,SC,Accountability,Quick Guide,https://s3.us-east-1.amazonaws.com/docs.schoolcafe.com/Accountability/Charge_Limits_Quick_Guide.pdf,raw/guides/pdf/SC/Accountability/Quick-Guide/GUIDE-026-charge-limits-quick-guide.pdf,draft_extracted,clean,2026-05-13T20:06:39+00:00,2026-05-18T20:39:40+00:00,false,,raw/guides/markdown/SC/Accountability/Quick-Guide/GUIDE-026-charge-limits-quick-guide.raw.md,raw/guides/markdown/SC/Accountability/Quick-Guide/GUIDE-026-charge-limits-quick-guide.md,2fbd728e242d85ff,,,2026-05-13T20:23:05+00:00,2026-05-18T20:51:56+00:00
GUIDE-027,Default Restrictions Quick Guide,SC,Accountability,Quick Guide,https://s3.us-east-1.amazonaws.com/docs.schoolcafe.com/Accountability/Default_Restrictions_Quick_Guide.pdf,raw/guides/pdf/SC/Accountability/Quick-Guide/GUIDE-027-default-restrictions-quick-guide.pdf,draft_extracted,clean,2026-05-13T20:06:40+00:00,2026-05-18T20:39:40+00:00,false,,raw/guides/markdown/SC/Accountability/Quick-Guide/GUIDE-027-default-restrictions-quick-guide.raw.md,raw/guides/markdown/SC/Accountability/Quick-Guide/GUIDE-027-default-restrictions-quick-guide.md,86c2e553539c431a,,,2026-05-13T20:23:05+00:00,2026-05-18T20:51:56+00:00
GUIDE-028,Review Reasons Quick Guide,SC,Accountability,Quick Guide,https://s3.us-east-1.amazonaws.com/docs.schoolcafe.com/Accountability/Review_Reasons_Quick_Guide.pdf,raw/guides/pdf/SC/Accountability/Quick-Guide/GUIDE-028-review-reasons-quick-guide.pdf,draft_extracted,clean,2026-05-13T20:06:40+00:00,2026-05-18T20:39:40+00:00,false,,raw/guides/markdown/SC/Accountability/Quick-Guide/GUIDE-028-review-reasons-quick-guide.raw.md,raw/guides/markdown/SC/Accountability/Quick-Guide/GUIDE-028-review-reasons-quick-guide.md,5f14320d8f091602,,,2026-05-13T20:23:05+00:00,2026-05-18T20:51:56+00:00
GUIDE-029,Add Menu Grids Quick Guide,SC,Accountability,Quick Guide,https://s3.us-east-1.amazonaws.com/docs.schoolcafe.com/Accountability/Menu_Grids_Add_Quick_Guide.pdf,raw/guides/pdf/SC/Accountability/Quick-Guide/GUIDE-029-add-menu-grids-quick-guide.pdf,draft_extracted,clean,2026-05-13T20:06:41+00:00,2026-05-18T20:39:40+00:00,false,,raw/guides/markdown/SC/Accountability/Quick-Guide/GUIDE-029-add-menu-grids-quick-guide.raw.md,raw/guides/markdown/SC/Accountability/Quick-Guide/GUIDE-029-add-menu-grids-quick-guide.md,bbd6ac6a84c89203,,,2026-05-13T20:23:05+00:00,2026-05-18T20:51:56+00:00
GUIDE-030,View and Modify Menu Grids Quick Guide,SC,Accountability,Quick Guide,https://s3.us-east-1.amazonaws.com/docs.schoolcafe.com/Accountability/Menu_Grids_View_Modify_Quick_Guide.pdf,raw/guides/pdf/SC/Accountability/Quick-Guide/GUIDE-030-view-and-modify-menu-grids-quick-guide.pdf,draft_extracted,clean,2026-05-13T20:06:41+00:00,2026-05-18T20:39:40+00:00,false,,raw/guides/markdown/SC/Accountability/Quick-Guide/GUIDE-030-view-and-modify-menu-grids-quick-guide.raw.md,raw/guides/markdown/SC/Accountability/Quick-Guide/GUIDE-030-view-and-modify-menu-grids-quick-guide.md,8d09b6fde72d6b04,,,2026-05-13T20:23:05+00:00,2026-05-18T20:51:56+00:00
GUIDE-031,Add Default Menu Grids Quick Guide,SC,Accountability,Quick Guide,https://s3.us-east-1.amazonaws.com/docs.schoolcafe.com/Accountability/Default_Menu_Grids_Add_Quick_Guide.pdf,raw/guides/pdf/SC/Accountability/Quick-Guide/GUIDE-031-add-default-menu-grids-quick-guide.pdf,draft_extracted,clean,2026-05-13T20:06:42+00:00,2026-05-18T20:39:40+00:00,false,,raw/guides/markdown/SC/Accountability/Quick-Guide/GUIDE-031-add-default-menu-grids-quick-guide.raw.md,raw/guides/markdown/SC/Accountability/Quick-Guide/GUIDE-031-add-default-menu-grids-quick-guide.md,4b5c39af4603e8da,,,2026-05-13T20:23:05+00:00,2026-05-18T20:51:56+00:00
GUIDE-032,View and Modify Default Menu Grids Quick Guide,SC,Accountability,Quick Guide,https://s3.us-east-1.amazonaws.com/docs.schoolcafe.com/Accountability/Default_Menu_Grids_View_Modify_Quick_Guide.pdf,raw/guides/pdf/SC/Accountability/Quick-Guide/GUIDE-032-view-and-modify-default-menu-grids-quick-guide.pdf,draft_extracted,clean,2026-05-13T20:06:42+00:00,2026-05-18T20:39:40+00:00,false,,raw/guides/markdown/SC/Accountability/Quick-Guide/GUIDE-032-view-and-modify-default-menu-grids-quick-guide.raw.md,raw/guides/markdown/SC/Accountability/Quick-Guide/GUIDE-032-view-and-modify-default-menu-grids-quick-guide.md,9f8952685c488576,,,2026-05-13T20:23:05+00:00,2026-05-18T20:51:56+00:00
GUIDE-033,How to Create a Staff Account Quick Guide,FH,Family Hub,Quick Guide,https://s3.us-east-1.amazonaws.com/docs.schoolcafe.com/FamilyHub/Create_Staff_Account_Quick_Guide.pdf,raw/guides/pdf/FH/Family-Hub/Quick-Guide/GUIDE-033-how-to-create-a-staff-account-quick-guide.pdf,draft_extracted,clean,2026-05-13T20:06:43+00:00,2026-05-18T20:39:41+00:00,false,,raw/guides/markdown/FH/Family-Hub/Quick-Guide/GUIDE-033-how-to-create-a-staff-account-quick-guide.raw.md,raw/guides/markdown/FH/Family-Hub/Quick-Guide/GUIDE-033-how-to-create-a-staff-account-quick-guide.md,ae945deef198e09d,1.0.0,10/28/2024,2026-05-13T20:23:05+00:00,2026-05-18T20:51:56+00:00
GUIDE-034,Apply for Benefits Quick Guide,FH,Family Hub,Quick Guide,https://s3.us-east-1.amazonaws.com/docs.schoolcafe.com/FamilyHub/Apply_for_Benefits_Quick_Guide.pdf,raw/guides/pdf/FH/Family-Hub/Quick-Guide/GUIDE-034-apply-for-benefits-quick-guide.pdf,draft_extracted,clean,2026-05-13T20:06:43+00:00,2026-05-18T20:39:41+00:00,false,,raw/guides/markdown/FH/Family-Hub/Quick-Guide/GUIDE-034-apply-for-benefits-quick-guide.raw.md,raw/guides/markdown/FH/Family-Hub/Quick-Guide/GUIDE-034-apply-for-benefits-quick-guide.md,c601ffb2d147b081,1.0.0,10/31/2024,2026-05-13T20:23:05+00:00,2026-05-18T20:51:57+00:00
GUIDE-035,Campus Store Quick Guide,FH,Family Hub,Quick Guide,https://s3.us-east-1.amazonaws.com/docs.schoolcafe.com/FamilyHub/Campus_Store_Quick_Guide.pdf,raw/guides/pdf/FH/Family-Hub/Quick-Guide/GUIDE-035-campus-store-quick-guide.pdf,draft_extracted,clean,2026-05-13T20:06:44+00:00,2026-05-18T20:39:41+00:00,false,,raw/guides/markdown/FH/Family-Hub/Quick-Guide/GUIDE-035-campus-store-quick-guide.raw.md,raw/guides/markdown/FH/Family-Hub/Quick-Guide/GUIDE-035-campus-store-quick-guide.md,44229793a2ab7207,1.0.0,12/12/2024,2026-05-13T20:23:05+00:00,2026-05-18T20:51:57+00:00
GUIDE-036,Add Applications Quick Guide,SC,Eligibility,Quick Guide,https://s3.us-east-1.amazonaws.com/docs.schoolcafe.com/Eligibility/Applications_Add_Quick_Guide.pdf,raw/guides/pdf/SC/Eligibility/Quick-Guide/GUIDE-036-add-applications-quick-guide.pdf,draft_extracted,clean,2026-05-13T20:06:44+00:00,2026-05-18T20:39:41+00:00,false,,raw/guides/markdown/SC/Eligibility/Quick-Guide/GUIDE-036-add-applications-quick-guide.raw.md,raw/guides/markdown/SC/Eligibility/Quick-Guide/GUIDE-036-add-applications-quick-guide.md,b42ac1de113db3d5,,,2026-05-13T20:23:05+00:00,2026-05-18T20:51:57+00:00
GUIDE-037,View and Modify Applications Quick Guide,SC,Eligibility,Quick Guide,https://s3.us-east-1.amazonaws.com/docs.schoolcafe.com/Eligibility/Applications_View_Modify_Quick_Guide.pdf,raw/guides/pdf/SC/Eligibility/Quick-Guide/GUIDE-037-view-and-modify-applications-quick-guide.pdf,draft_extracted,clean,2026-05-13T20:06:45+00:00,2026-05-18T20:39:41+00:00,false,,raw/guides/markdown/SC/Eligibility/Quick-Guide/GUIDE-037-view-and-modify-applications-quick-guide.raw.md,raw/guides/markdown/SC/Eligibility/Quick-Guide/GUIDE-037-view-and-modify-applications-quick-guide.md,9989433df403a250,,,2026-05-13T20:23:05+00:00,2026-05-18T20:51:57+00:00
GUIDE-038,Application Processing Quick Guide,SC,Eligibility,Quick Guide,https://s3.us-east-1.amazonaws.com/docs.schoolcafe.com/Eligibility/Applications_Application_Processing_Quick_Guide.pdf,raw/guides/pdf/SC/Eligibility/Quick-Guide/GUIDE-038-application-processing-quick-guide.pdf,draft_extracted,clean,2026-05-13T20:06:46+00:00,2026-05-18T20:39:42+00:00,false,,raw/guides/markdown/SC/Eligibility/Quick-Guide/GUIDE-038-application-processing-quick-guide.raw.md,raw/guides/markdown/SC/Eligibility/Quick-Guide/GUIDE-038-application-processing-quick-guide.md,d6b3832eda728599,,,2026-05-13T20:23:05+00:00,2026-05-18T20:51:57+00:00
GUIDE-039,Add Income Surveys Quick Guide,SC,Eligibility,Quick Guide,https://s3.us-east-1.amazonaws.com/docs.schoolcafe.com/Eligibility/Surveys_Add_Quick_Guide.pdf,raw/guides/pdf/SC/Eligibility/Quick-Guide/GUIDE-039-add-income-surveys-quick-guide.pdf,draft_extracted,clean,2026-05-13T20:06:46+00:00,2026-05-18T20:39:42+00:00,false,,raw/guides/markdown/SC/Eligibility/Quick-Guide/GUIDE-039-add-income-surveys-quick-guide.raw.md,raw/guides/markdown/SC/Eligibility/Quick-Guide/GUIDE-039-add-income-surveys-quick-guide.md,5abfbefc95a6dd10,,,2026-05-13T20:23:05+00:00,2026-05-18T20:51:57+00:00
GUIDE-040,View Income Surveys Quick Guide,SC,Eligibility,Quick Guide,https://s3.us-east-1.amazonaws.com/docs.schoolcafe.com/Eligibility/Surveys_View_Modify_Quick_Guide.pdf,raw/guides/pdf/SC/Eligibility/Quick-Guide/GUIDE-040-view-income-surveys-quick-guide.pdf,draft_extracted,clean,2026-05-13T20:06:47+00:00,2026-05-18T20:39:42+00:00,false,,raw/guides/markdown/SC/Eligibility/Quick-Guide/GUIDE-040-view-income-surveys-quick-guide.raw.md,raw/guides/markdown/SC/Eligibility/Quick-Guide/GUIDE-040-view-income-surveys-quick-guide.md,e480a61a2cbcae31,,,2026-05-13T20:23:05+00:00,2026-05-18T20:51:58+00:00
GUIDE-041,Processing Quick Guide,SC,Eligibility,Quick Guide,https://s3.us-east-1.amazonaws.com/docs.schoolcafe.com/Eligibility/Processing_Quick_Guide.pdf,raw/guides/pdf/SC/Eligibility/Quick-Guide/GUIDE-041-processing-quick-guide.pdf,draft_extracted,clean,2026-05-13T20:06:47+00:00,2026-05-18T20:39:42+00:00,false,,raw/guides/markdown/SC/Eligibility/Quick-Guide/GUIDE-041-processing-quick-guide.raw.md,raw/guides/markdown/SC/Eligibility/Quick-Guide/GUIDE-041-processing-quick-guide.md,5669c1180eb8ae4a,,,2026-05-13T20:23:05+00:00,2026-05-18T20:51:58+00:00
GUIDE-042,Sampling Quick Guide,SC,Eligibility,Quick Guide,https://s3.us-east-1.amazonaws.com/docs.schoolcafe.com/Eligibility/Verification_Sampling_Quick_Guide.pdf,raw/guides/pdf/SC/Eligibility/Quick-Guide/GUIDE-042-sampling-quick-guide.pdf,draft_extracted,clean,2026-05-13T20:06:47+00:00,2026-05-18T20:39:42+00:00,false,,raw/guides/markdown/SC/Eligibility/Quick-Guide/GUIDE-042-sampling-quick-guide.raw.md,raw/guides/markdown/SC/Eligibility/Quick-Guide/GUIDE-042-sampling-quick-guide.md,0e2013702577e042,,,2026-05-13T20:23:05+00:00,2026-05-18T20:51:58+00:00
GUIDE-043,Tracking Quick Guide,SC,Eligibility,Quick Guide,https://s3.us-east-1.amazonaws.com/docs.schoolcafe.com/Eligibility/Verification_Tracking_Quick_Guide.pdf,raw/guides/pdf/SC/Eligibility/Quick-Guide/GUIDE-043-tracking-quick-guide.pdf,draft_extracted,clean,2026-05-13T20:06:48+00:00,2026-05-18T20:39:42+00:00,false,,raw/guides/markdown/SC/Eligibility/Quick-Guide/GUIDE-043-tracking-quick-guide.raw.md,raw/guides/markdown/SC/Eligibility/Quick-Guide/GUIDE-043-tracking-quick-guide.md,2eee44c5d91ad603,,,2026-05-13T20:23:05+00:00,2026-05-18T20:51:58+00:00
GUIDE-044,Tracking Forms Quick Guide,SC,Eligibility,Quick Guide,https://s3.us-east-1.amazonaws.com/docs.schoolcafe.com/Eligibility/Verification_Reporting_Tracking_Forms_Quick_Guide.pdf,raw/guides/pdf/SC/Eligibility/Quick-Guide/GUIDE-044-tracking-forms-quick-guide.pdf,draft_extracted,clean,2026-05-13T20:06:48+00:00,2026-05-18T20:39:42+00:00,false,,raw/guides/markdown/SC/Eligibility/Quick-Guide/GUIDE-044-tracking-forms-quick-guide.raw.md,raw/guides/markdown/SC/Eligibility/Quick-Guide/GUIDE-044-tracking-forms-quick-guide.md,0263625d145f5237,,,2026-05-13T20:23:05+00:00,2026-05-18T20:51:58+00:00
GUIDE-045,Inactive Applications Quick Guide,SC,Eligibility,Quick Guide,https://s3.us-east-1.amazonaws.com/docs.schoolcafe.com/Eligibility/Verification_Reporting_Inactive_Applications_Quick_Guide.pdf,raw/guides/pdf/SC/Eligibility/Quick-Guide/GUIDE-045-inactive-applications-quick-guide.pdf,draft_extracted,clean,2026-05-13T20:06:49+00:00,2026-05-18T20:39:42+00:00,false,,raw/guides/markdown/SC/Eligibility/Quick-Guide/GUIDE-045-inactive-applications-quick-guide.raw.md,raw/guides/markdown/SC/Eligibility/Quick-Guide/GUIDE-045-inactive-applications-quick-guide.md,28a67d365339a338,,,2026-05-13T20:23:05+00:00,2026-05-18T20:51:58+00:00
GUIDE-046,Backdated Applications Quick Guide,SC,Eligibility,Quick Guide,https://s3.us-east-1.amazonaws.com/docs.schoolcafe.com/Eligibility/Verification_Reporting_Backdated_Applications_Quick_Guide.pdf,raw/guides/pdf/SC/Eligibility/Quick-Guide/GUIDE-046-backdated-applications-quick-guide.pdf,draft_extracted,clean,2026-05-13T20:06:49+00:00,2026-05-18T20:39:43+00:00,false,,raw/guides/markdown/SC/Eligibility/Quick-Guide/GUIDE-046-backdated-applications-quick-guide.raw.md,raw/guides/markdown/SC/Eligibility/Quick-Guide/GUIDE-046-backdated-applications-quick-guide.md,80d901378eebd848,,,2026-05-13T20:23:05+00:00,2026-05-18T20:51:58+00:00
GUIDE-047,Collection Worksheet Quick Guide,SC,Eligibility,Quick Guide,https://s3.us-east-1.amazonaws.com/docs.schoolcafe.com/Eligibility/Verification_Reporting_Collection_Worksheet_Quick_Guide.pdf,raw/guides/pdf/SC/Eligibility/Quick-Guide/GUIDE-047-collection-worksheet-quick-guide.pdf,draft_extracted,clean,2026-05-13T20:06:50+00:00,2026-05-18T20:39:43+00:00,false,,raw/guides/markdown/SC/Eligibility/Quick-Guide/GUIDE-047-collection-worksheet-quick-guide.raw.md,raw/guides/markdown/SC/Eligibility/Quick-Guide/GUIDE-047-collection-worksheet-quick-guide.md,34aefc1822479fba,,,2026-05-13T20:23:05+00:00,2026-05-18T20:51:58+00:00
GUIDE-048,Direct Certification - Files Quick Guide,SC,Eligibility,Quick Guide,https://s3.us-east-1.amazonaws.com/docs.schoolcafe.com/Eligibility/Direct_Certification_Files_Quick_Guide.pdf,raw/guides/pdf/SC/Eligibility/Quick-Guide/GUIDE-048-direct-certification-files-quick-guide.pdf,draft_extracted,clean,2026-05-13T20:06:50+00:00,2026-05-18T20:39:43+00:00,false,,raw/guides/markdown/SC/Eligibility/Quick-Guide/GUIDE-048-direct-certification-files-quick-guide.raw.md,raw/guides/markdown/SC/Eligibility/Quick-Guide/GUIDE-048-direct-certification-files-quick-guide.md,427a360a2e314de0,,,2026-05-13T20:23:05+00:00,2026-05-18T20:51:58+00:00
GUIDE-049,Direct Certification - Matched Quick Guide,SC,Eligibility,Quick Guide,https://s3.us-east-1.amazonaws.com/docs.schoolcafe.com/Eligibility/Direct_Certification_Matched_Quick_Guide.pdf,raw/guides/pdf/SC/Eligibility/Quick-Guide/GUIDE-049-direct-certification-matched-quick-guide.pdf,draft_extracted,clean,2026-05-13T20:06:51+00:00,2026-05-18T20:39:43+00:00,false,,raw/guides/markdown/SC/Eligibility/Quick-Guide/GUIDE-049-direct-certification-matched-quick-guide.raw.md,raw/guides/markdown/SC/Eligibility/Quick-Guide/GUIDE-049-direct-certification-matched-quick-guide.md,93cdedca77b2956a,,,2026-05-13T20:23:05+00:00,2026-05-18T20:51:58+00:00
GUIDE-050,Direct Certification - Potential Matches Quick Guide,SC,Eligibility,Quick Guide,https://s3.us-east-1.amazonaws.com/docs.schoolcafe.com/Eligibility/Direct_Certification_Potential_Matches_Quick_Guide.pdf,raw/guides/pdf/SC/Eligibility/Quick-Guide/GUIDE-050-direct-certification-potential-matches-quick-guide.pdf,draft_extracted,clean,2026-05-13T20:06:51+00:00,2026-05-18T20:39:43+00:00,false,,raw/guides/markdown/SC/Eligibility/Quick-Guide/GUIDE-050-direct-certification-potential-matches-quick-guide.raw.md,raw/guides/markdown/SC/Eligibility/Quick-Guide/GUIDE-050-direct-certification-potential-matches-quick-guide.md,08598d9637b561b8,,,2026-05-13T20:23:05+00:00,2026-05-18T20:51:58+00:00
GUIDE-051,Direct Certification - Extensions Quick Guide,SC,Eligibility,Quick Guide,https://s3.us-east-1.amazonaws.com/docs.schoolcafe.com/Eligibility/Direct_Certification_Extensions_Quick_Guide.pdf,raw/guides/pdf/SC/Eligibility/Quick-Guide/GUIDE-051-direct-certification-extensions-quick-guide.pdf,draft_extracted,clean,2026-05-13T20:06:52+00:00,2026-05-18T20:39:43+00:00,false,,raw/guides/markdown/SC/Eligibility/Quick-Guide/GUIDE-051-direct-certification-extensions-quick-guide.raw.md,raw/guides/markdown/SC/Eligibility/Quick-Guide/GUIDE-051-direct-certification-extensions-quick-guide.md,d39c2d6a4a89e196,,,2026-05-13T20:23:05+00:00,2026-05-18T20:51:59+00:00
GUIDE-052,Direct Certification - File Search,SC,Eligibility,Quick Guide,https://s3.us-east-1.amazonaws.com/docs.schoolcafe.com/Eligibility/Direct_Certification_File_Search_Quick_Guide.pdf,raw/guides/pdf/SC/Eligibility/Quick-Guide/GUIDE-052-direct-certification-file-search.pdf,draft_extracted,clean,2026-05-13T20:06:52+00:00,2026-05-18T20:39:43+00:00,false,,raw/guides/markdown/SC/Eligibility/Quick-Guide/GUIDE-052-direct-certification-file-search.raw.md,raw/guides/markdown/SC/Eligibility/Quick-Guide/GUIDE-052-direct-certification-file-search.md,a3a788a600e89c48,,,2026-05-13T20:23:05+00:00,2026-05-18T20:51:59+00:00
GUIDE-053,Applications Notifications Quick Guide,SC,Eligibility,Quick Guide,https://s3.us-east-1.amazonaws.com/docs.schoolcafe.com/Eligibility/Notifications_Applications_Quick_Guide.pdf,raw/guides/pdf/SC/Eligibility/Quick-Guide/GUIDE-053-applications-notifications-quick-guide.pdf,draft_extracted,clean,2026-05-13T20:06:53+00:00,2026-05-18T20:39:43+00:00,false,,raw/guides/markdown/SC/Eligibility/Quick-Guide/GUIDE-053-applications-notifications-quick-guide.raw.md,raw/guides/markdown/SC/Eligibility/Quick-Guide/GUIDE-053-applications-notifications-quick-guide.md,e5461b06d619a6d0,,,2026-05-13T20:23:05+00:00,2026-05-18T20:51:59+00:00
GUIDE-054,Income Surveys Notifications Quick Guide,SC,Eligibility,Quick Guide,https://s3.us-east-1.amazonaws.com/docs.schoolcafe.com/Eligibility/Notifications_Income_Surveys_Quick_Guide.pdf,raw/guides/pdf/SC/Eligibility/Quick-Guide/GUIDE-054-income-surveys-notifications-quick-guide.pdf,draft_extracted,clean,2026-05-13T20:06:53+00:00,2026-05-18T20:39:43+00:00,false,,raw/guides/markdown/SC/Eligibility/Quick-Guide/GUIDE-054-income-surveys-notifications-quick-guide.raw.md,raw/guides/markdown/SC/Eligibility/Quick-Guide/GUIDE-054-income-surveys-notifications-quick-guide.md,5b7305ce6ae6663a,,,2026-05-13T20:23:05+00:00,2026-05-18T20:51:59+00:00
GUIDE-055,Direct Certification Notifications Quick Guide,SC,Eligibility,Quick Guide,https://s3.us-east-1.amazonaws.com/docs.schoolcafe.com/Eligibility/Notifications_Direct_Certification_Quick_Guide.pdf,raw/guides/pdf/SC/Eligibility/Quick-Guide/GUIDE-055-direct-certification-notifications-quick-guide.pdf,draft_extracted,clean,2026-05-13T20:06:53+00:00,2026-05-18T20:39:44+00:00,false,,raw/guides/markdown/SC/Eligibility/Quick-Guide/GUIDE-055-direct-certification-notifications-quick-guide.raw.md,raw/guides/markdown/SC/Eligibility/Quick-Guide/GUIDE-055-direct-certification-notifications-quick-guide.md,957c901bb347f42c,,,2026-05-13T20:23:05+00:00,2026-05-18T20:51:59+00:00
GUIDE-056,Carryover Notifications Quick Guide,SC,Eligibility,Quick Guide,https://s3.us-east-1.amazonaws.com/docs.schoolcafe.com/Eligibility/Notifications_Carryover_Quick_Guide.pdf,raw/guides/pdf/SC/Eligibility/Quick-Guide/GUIDE-056-carryover-notifications-quick-guide.pdf,draft_extracted,clean,2026-05-13T20:06:54+00:00,2026-05-18T20:39:44+00:00,false,,raw/guides/markdown/SC/Eligibility/Quick-Guide/GUIDE-056-carryover-notifications-quick-guide.raw.md,raw/guides/markdown/SC/Eligibility/Quick-Guide/GUIDE-056-carryover-notifications-quick-guide.md,4ac8c19c10e36bb6,,,2026-05-13T20:23:05+00:00,2026-05-18T20:51:59+00:00
GUIDE-057,Eligibility Reports Quick Guide,SC,Eligibility,Quick Guide,https://s3.us-east-1.amazonaws.com/docs.schoolcafe.com/Eligibility/Reports_Quick_Guide.pdf,raw/guides/pdf/SC/Eligibility/Quick-Guide/GUIDE-057-eligibility-reports-quick-guide.pdf,draft_extracted,clean,2026-05-13T20:06:54+00:00,2026-05-18T20:39:44+00:00,false,,raw/guides/markdown/SC/Eligibility/Quick-Guide/GUIDE-057-eligibility-reports-quick-guide.raw.md,raw/guides/markdown/SC/Eligibility/Quick-Guide/GUIDE-057-eligibility-reports-quick-guide.md,14eb954c701abead,,,2026-05-13T20:23:05+00:00,2026-05-18T20:51:59+00:00
GUIDE-058,Accounts - Add Students Quick Guide,SC,Account Management,Quick Guide,https://s3.us-east-1.amazonaws.com/docs.schoolcafe.com/AccountManagement/Add_Students_Quick_Guide.pdf,raw/guides/pdf/SC/Account-Management/Quick-Guide/GUIDE-058-accounts-add-students-quick-guide.pdf,draft_extracted,clean,2026-05-13T20:06:55+00:00,2026-05-18T20:39:44+00:00,false,,raw/guides/markdown/SC/Account-Management/Quick-Guide/GUIDE-058-accounts-add-students-quick-guide.raw.md,raw/guides/markdown/SC/Account-Management/Quick-Guide/GUIDE-058-accounts-add-students-quick-guide.md,54aaa74432eea840,,,2026-05-13T20:23:05+00:00,2026-05-18T20:51:59+00:00
GUIDE-059,Accounts - Add Adults Quick Guide,SC,Account Management,Quick Guide,https://s3.us-east-1.amazonaws.com/docs.schoolcafe.com/AccountManagement/Add_Adults_Quick_Guide.pdf,raw/guides/pdf/SC/Account-Management/Quick-Guide/GUIDE-059-accounts-add-adults-quick-guide.pdf,draft_extracted,clean,2026-05-13T20:06:55+00:00,2026-05-18T20:39:44+00:00,false,,raw/guides/markdown/SC/Account-Management/Quick-Guide/GUIDE-059-accounts-add-adults-quick-guide.raw.md,raw/guides/markdown/SC/Account-Management/Quick-Guide/GUIDE-059-accounts-add-adults-quick-guide.md,72c9e7ca17c423c3,,,2026-05-13T20:23:05+00:00,2026-05-18T20:51:59+00:00
GUIDE-060,View and Modify Accounts Quick Guide,SC,Account Management,Quick Guide,https://s3.us-east-1.amazonaws.com/docs.schoolcafe.com/AccountManagement/Accounts_View_Modify_Quick_Guide.pdf,raw/guides/pdf/SC/Account-Management/Quick-Guide/GUIDE-060-view-and-modify-accounts-quick-guide.pdf,draft_extracted,clean,2026-05-13T20:06:56+00:00,2026-05-18T20:39:44+00:00,false,,raw/guides/markdown/SC/Account-Management/Quick-Guide/GUIDE-060-view-and-modify-accounts-quick-guide.raw.md,raw/guides/markdown/SC/Account-Management/Quick-Guide/GUIDE-060-view-and-modify-accounts-quick-guide.md,cba65446633714be,,,2026-05-13T20:23:05+00:00,2026-05-18T20:52:00+00:00
GUIDE-061,ID Cards Quick Guide,SC,Account Management,Quick Guide,https://s3.us-east-1.amazonaws.com/docs.schoolcafe.com/AccountManagement/ID_Cards_Quick_Guide.pdf,raw/guides/pdf/SC/Account-Management/Quick-Guide/GUIDE-061-id-cards-quick-guide.pdf,draft_extracted,clean,2026-05-13T20:06:57+00:00,2026-05-18T20:39:44+00:00,false,,raw/guides/markdown/SC/Account-Management/Quick-Guide/GUIDE-061-id-cards-quick-guide.raw.md,raw/guides/markdown/SC/Account-Management/Quick-Guide/GUIDE-061-id-cards-quick-guide.md,501f79fb2d9aef11,,,2026-05-13T20:23:05+00:00,2026-05-18T20:52:00+00:00
GUIDE-062,Add Rosters Quick Guide,SC,Account Management,Quick Guide,https://s3.us-east-1.amazonaws.com/docs.schoolcafe.com/AccountManagement/Rosters_Add_Quick_Guide.pdf,raw/guides/pdf/SC/Account-Management/Quick-Guide/GUIDE-062-add-rosters-quick-guide.pdf,draft_extracted,clean,2026-05-13T20:06:57+00:00,2026-05-18T20:39:44+00:00,false,,raw/guides/markdown/SC/Account-Management/Quick-Guide/GUIDE-062-add-rosters-quick-guide.raw.md,raw/guides/markdown/SC/Account-Management/Quick-Guide/GUIDE-062-add-rosters-quick-guide.md,1a8eba883c7fecd5,,,2026-05-13T20:23:05+00:00,2026-05-18T20:52:00+00:00
GUIDE-063,View and Modify Rosters Quick Guide,SC,Account Management,Quick Guide,https://s3.us-east-1.amazonaws.com/docs.schoolcafe.com/AccountManagement/Rosters_View_Modify_Quick_Guide.pdf,raw/guides/pdf/SC/Account-Management/Quick-Guide/GUIDE-063-view-and-modify-rosters-quick-guide.pdf,draft_extracted,clean,2026-05-13T20:06:58+00:00,2026-05-18T20:39:44+00:00,false,,raw/guides/markdown/SC/Account-Management/Quick-Guide/GUIDE-063-view-and-modify-rosters-quick-guide.raw.md,raw/guides/markdown/SC/Account-Management/Quick-Guide/GUIDE-063-view-and-modify-rosters-quick-guide.md,df91cf1fa670c968,,,2026-05-13T20:23:05+00:00,2026-05-18T20:52:00+00:00
GUIDE-064,Add Homerooms Quick Guide,SC,Account Management,Quick Guide,https://s3.us-east-1.amazonaws.com/docs.schoolcafe.com/AccountManagement/Homerooms_Add_Quick_Guide.pdf,raw/guides/pdf/SC/Account-Management/Quick-Guide/GUIDE-064-add-homerooms-quick-guide.pdf,draft_extracted,clean,2026-05-13T20:06:58+00:00,2026-05-18T20:39:45+00:00,false,,raw/guides/markdown/SC/Account-Management/Quick-Guide/GUIDE-064-add-homerooms-quick-guide.raw.md,raw/guides/markdown/SC/Account-Management/Quick-Guide/GUIDE-064-add-homerooms-quick-guide.md,9da0b5e99b0dc99f,,,2026-05-13T20:23:05+00:00,2026-05-18T20:52:00+00:00
GUIDE-065,View and Modify Homerooms Quick Guide,SC,Account Management,Quick Guide,https://s3.us-east-1.amazonaws.com/docs.schoolcafe.com/AccountManagement/Homerooms_View_Modify_Quick_Guide.pdf,raw/guides/pdf/SC/Account-Management/Quick-Guide/GUIDE-065-view-and-modify-homerooms-quick-guide.pdf,draft_extracted,clean,2026-05-13T20:06:58+00:00,2026-05-18T20:39:45+00:00,false,,raw/guides/markdown/SC/Account-Management/Quick-Guide/GUIDE-065-view-and-modify-homerooms-quick-guide.raw.md,raw/guides/markdown/SC/Account-Management/Quick-Guide/GUIDE-065-view-and-modify-homerooms-quick-guide.md,3bc3292870673286,,,2026-05-13T20:23:05+00:00,2026-05-18T20:52:00+00:00
GUIDE-066,Notifications - Household Letters Quick Guide,SC,Account Management,Quick Guide,https://s3.us-east-1.amazonaws.com/docs.schoolcafe.com/AccountManagement/Notifications_Household_Letters_Quick_Guide.pdf,raw/guides/pdf/SC/Account-Management/Quick-Guide/GUIDE-066-notifications-household-letters-quick-guide.pdf,draft_extracted,clean,2026-05-13T20:06:59+00:00,2026-05-18T20:39:45+00:00,false,,raw/guides/markdown/SC/Account-Management/Quick-Guide/GUIDE-066-notifications-household-letters-quick-guide.raw.md,raw/guides/markdown/SC/Account-Management/Quick-Guide/GUIDE-066-notifications-household-letters-quick-guide.md,0d699a0cc4dfc754,,,2026-05-13T20:23:05+00:00,2026-05-18T20:52:00+00:00
GUIDE-067,Notifications - Reminders Quick Guide,SC,Account Management,Quick Guide,https://s3.us-east-1.amazonaws.com/docs.schoolcafe.com/AccountManagement/Notifications_Reminders_Quick_Guide.pdf,raw/guides/pdf/SC/Account-Management/Quick-Guide/GUIDE-067-notifications-reminders-quick-guide.pdf,draft_extracted,clean,2026-05-13T20:06:59+00:00,2026-05-18T20:39:45+00:00,false,,raw/guides/markdown/SC/Account-Management/Quick-Guide/GUIDE-067-notifications-reminders-quick-guide.raw.md,raw/guides/markdown/SC/Account-Management/Quick-Guide/GUIDE-067-notifications-reminders-quick-guide.md,89438cc409be5871,,,2026-05-13T20:23:05+00:00,2026-05-18T20:52:00+00:00
GUIDE-068,Create Non-Food Items Quick Guide,SC,Item Management,Quick Guide,https://s3.us-east-1.amazonaws.com/docs.schoolcafe.com/ItemManagement/Create_Non_Food_Items_Quick_Guide.pdf,raw/guides/pdf/SC/Item-Management/Quick-Guide/GUIDE-068-create-non-food-items-quick-guide.pdf,draft_extracted,clean,2026-05-13T20:07:00+00:00,2026-05-18T20:39:45+00:00,false,,raw/guides/markdown/SC/Item-Management/Quick-Guide/GUIDE-068-create-non-food-items-quick-guide.raw.md,raw/guides/markdown/SC/Item-Management/Quick-Guide/GUIDE-068-create-non-food-items-quick-guide.md,b4604732a298ffff,7.3,4/4/2024,2026-05-13T20:23:05+00:00,2026-05-18T20:52:00+00:00
GUIDE-069,Create Food Items Quick Guide,SC,Item Management,Quick Guide,https://s3.us-east-1.amazonaws.com/docs.schoolcafe.com/ItemManagement/Create_Food_Items_Quick_Guide.pdf,raw/guides/pdf/SC/Item-Management/Quick-Guide/GUIDE-069-create-food-items-quick-guide.pdf,draft_extracted,clean,2026-05-13T20:07:00+00:00,2026-05-18T20:39:46+00:00,false,,raw/guides/markdown/SC/Item-Management/Quick-Guide/GUIDE-069-create-food-items-quick-guide.raw.md,raw/guides/markdown/SC/Item-Management/Quick-Guide/GUIDE-069-create-food-items-quick-guide.md,45f5f017a3ab81bf,7.3,4/4/2024,2026-05-13T20:23:05+00:00,2026-05-18T20:52:01+00:00
GUIDE-070,Create Recipes Quick Guide,SC,Item Management,Quick Guide,https://s3.us-east-1.amazonaws.com/docs.schoolcafe.com/ItemManagement/Create_Recipes_Quick_Guide.pdf,raw/guides/pdf/SC/Item-Management/Quick-Guide/GUIDE-070-create-recipes-quick-guide.pdf,draft_extracted,clean,2026-05-13T20:07:01+00:00,2026-05-18T20:39:46+00:00,false,,raw/guides/markdown/SC/Item-Management/Quick-Guide/GUIDE-070-create-recipes-quick-guide.raw.md,raw/guides/markdown/SC/Item-Management/Quick-Guide/GUIDE-070-create-recipes-quick-guide.md,cc919b25c35dcef5,7.3,4/4/2024,2026-05-13T20:23:05+00:00,2026-05-18T20:52:01+00:00
GUIDE-071,Create Variety Menu Items Quick Guide,SC,Item Management,Quick Guide,https://s3.us-east-1.amazonaws.com/docs.schoolcafe.com/ItemManagement/Create_Variety_Menu_Items_Quick_Guide.pdf,raw/guides/pdf/SC/Item-Management/Quick-Guide/GUIDE-071-create-variety-menu-items-quick-guide.pdf,draft_extracted,clean,2026-05-13T20:07:02+00:00,2026-05-18T20:39:47+00:00,false,,raw/guides/markdown/SC/Item-Management/Quick-Guide/GUIDE-071-create-variety-menu-items-quick-guide.raw.md,raw/guides/markdown/SC/Item-Management/Quick-Guide/GUIDE-071-create-variety-menu-items-quick-guide.md,d529af7538a54834,7.3,4/4/2024,2026-05-13T20:23:05+00:00,2026-05-18T20:52:02+00:00
GUIDE-072,Create POS Only Items Quick Guide,SC,Item Management,Quick Guide,https://s3.us-east-1.amazonaws.com/docs.schoolcafe.com/ItemManagement/Create_POS_Only_Items_Quick_Guide.pdf,raw/guides/pdf/SC/Item-Management/Quick-Guide/GUIDE-072-create-pos-only-items-quick-guide.pdf,draft_extracted,clean,2026-05-13T20:07:02+00:00,2026-05-18T20:39:47+00:00,false,,raw/guides/markdown/SC/Item-Management/Quick-Guide/GUIDE-072-create-pos-only-items-quick-guide.raw.md,raw/guides/markdown/SC/Item-Management/Quick-Guide/GUIDE-072-create-pos-only-items-quick-guide.md,492b7ae4b0c10eea,7.3,4/4/2024,2026-05-13T20:23:05+00:00,2026-05-18T20:52:02+00:00
GUIDE-073,Create a Physical Inventory Quick Guide,SC,Inventory,Quick Guide,https://s3.us-east-1.amazonaws.com/docs.schoolcafe.com/Inventory/Create_Physical_Inventory_Quick_Guide.pdf,raw/guides/pdf/SC/Inventory/Quick-Guide/GUIDE-073-create-a-physical-inventory-quick-guide.pdf,draft_extracted,clean,2026-05-13T20:07:03+00:00,2026-05-18T20:39:47+00:00,false,,raw/guides/markdown/SC/Inventory/Quick-Guide/GUIDE-073-create-a-physical-inventory-quick-guide.raw.md,raw/guides/markdown/SC/Inventory/Quick-Guide/GUIDE-073-create-a-physical-inventory-quick-guide.md,cad8b193ef9348d6,6.3 Updated,,2026-05-13T20:23:05+00:00,2026-05-18T20:52:02+00:00
GUIDE-074,Create a Standard Order Quick Guide,SC,Inventory,Quick Guide,https://s3.us-east-1.amazonaws.com/docs.schoolcafe.com/Inventory/Create_Standard_Order_Quick_Guide.pdf,raw/guides/pdf/SC/Inventory/Quick-Guide/GUIDE-074-create-a-standard-order-quick-guide.pdf,draft_extracted,clean,2026-05-13T20:07:03+00:00,2026-05-18T20:39:47+00:00,false,,raw/guides/markdown/SC/Inventory/Quick-Guide/GUIDE-074-create-a-standard-order-quick-guide.raw.md,raw/guides/markdown/SC/Inventory/Quick-Guide/GUIDE-074-create-a-standard-order-quick-guide.md,68e42678dc8295a8,6.3 Updated,,2026-05-13T20:23:05+00:00,2026-05-18T20:52:02+00:00
GUIDE-075,View and Modify an Order Quick Guide,SC,Inventory,Quick Guide,https://s3.us-east-1.amazonaws.com/docs.schoolcafe.com/Inventory/Modify_Order_Quick_Guide.pdf,raw/guides/pdf/SC/Inventory/Quick-Guide/GUIDE-075-view-and-modify-an-order-quick-guide.pdf,draft_extracted,clean,2026-05-13T20:07:04+00:00,2026-05-18T20:39:47+00:00,false,,raw/guides/markdown/SC/Inventory/Quick-Guide/GUIDE-075-view-and-modify-an-order-quick-guide.raw.md,raw/guides/markdown/SC/Inventory/Quick-Guide/GUIDE-075-view-and-modify-an-order-quick-guide.md,c7699618b60a2223,6.3,3/29/2023,2026-05-13T20:23:05+00:00,2026-05-18T20:52:02+00:00
GUIDE-076,Create a Receipt Quick Guide,SC,Inventory,Quick Guide,https://s3.us-east-1.amazonaws.com/docs.schoolcafe.com/Inventory/Create_Receipt_Quick_Guide.pdf,raw/guides/pdf/SC/Inventory/Quick-Guide/GUIDE-076-create-a-receipt-quick-guide.pdf,draft_extracted,clean,2026-05-13T20:07:04+00:00,2026-05-18T20:39:47+00:00,false,,raw/guides/markdown/SC/Inventory/Quick-Guide/GUIDE-076-create-a-receipt-quick-guide.raw.md,raw/guides/markdown/SC/Inventory/Quick-Guide/GUIDE-076-create-a-receipt-quick-guide.md,0f8a83eac2ced87c,6.3,3/31/2023,2026-05-13T20:23:05+00:00,2026-05-18T20:52:03+00:00
GUIDE-077,Create a Quick Receipt Quick Guide,SC,Inventory,Quick Guide,https://s3.us-east-1.amazonaws.com/docs.schoolcafe.com/Inventory/Create_Quick_Receipt_Quick_Guide.pdf,raw/guides/pdf/SC/Inventory/Quick-Guide/GUIDE-077-create-a-quick-receipt-quick-guide.pdf,draft_extracted,clean,2026-05-13T20:07:05+00:00,2026-05-18T20:39:48+00:00,false,,raw/guides/markdown/SC/Inventory/Quick-Guide/GUIDE-077-create-a-quick-receipt-quick-guide.raw.md,raw/guides/markdown/SC/Inventory/Quick-Guide/GUIDE-077-create-a-quick-receipt-quick-guide.md,3ee245dfb42a16a0,6.3,3/27/2023,2026-05-13T20:23:05+00:00,2026-05-18T20:52:03+00:00
GUIDE-078,Create a Transfer Quick Guide,SC,Inventory,Quick Guide,https://s3.us-east-1.amazonaws.com/docs.schoolcafe.com/Inventory/Create_Transfer_Quick_Guide.pdf,raw/guides/pdf/SC/Inventory/Quick-Guide/GUIDE-078-create-a-transfer-quick-guide.pdf,draft_extracted,clean,2026-05-13T20:07:05+00:00,2026-05-18T20:39:48+00:00,false,,raw/guides/markdown/SC/Inventory/Quick-Guide/GUIDE-078-create-a-transfer-quick-guide.raw.md,raw/guides/markdown/SC/Inventory/Quick-Guide/GUIDE-078-create-a-transfer-quick-guide.md,138ecbe815d16e0d,6.3,3/28/2023,2026-05-13T20:23:05+00:00,2026-05-18T20:52:03+00:00
GUIDE-079,Create a Withdrawal Quick Guide,SC,Inventory,Quick Guide,https://s3.us-east-1.amazonaws.com/docs.schoolcafe.com/Inventory/Create_Withdrawal_Quick_Guide.pdf,raw/guides/pdf/SC/Inventory/Quick-Guide/GUIDE-079-create-a-withdrawal-quick-guide.pdf,draft_extracted,clean,2026-05-13T20:07:06+00:00,2026-05-18T20:39:48+00:00,false,,raw/guides/markdown/SC/Inventory/Quick-Guide/GUIDE-079-create-a-withdrawal-quick-guide.raw.md,raw/guides/markdown/SC/Inventory/Quick-Guide/GUIDE-079-create-a-withdrawal-quick-guide.md,187a6df081215eb6,6.3,3/24/2023,2026-05-13T20:23:05+00:00,2026-05-18T20:52:03+00:00
GUIDE-080,Create a Menu Using the Standard Method Quick Guide,SC,Menu Planning,Quick Guide,https://s3.us-east-1.amazonaws.com/docs.schoolcafe.com/MenuPlanning/Create_Menu_Standard_Method_Quick_Guide.pdf,raw/guides/pdf/SC/Menu-Planning/Quick-Guide/GUIDE-080-create-a-menu-using-the-standard-method-quick-guide.pdf,draft_extracted,clean,2026-05-13T20:07:06+00:00,2026-05-18T20:39:48+00:00,false,,raw/guides/markdown/SC/Menu-Planning/Quick-Guide/GUIDE-080-create-a-menu-using-the-standard-method-quick-guide.raw.md,raw/guides/markdown/SC/Menu-Planning/Quick-Guide/GUIDE-080-create-a-menu-using-the-standard-method-quick-guide.md,949639b5eec327b7,6.4,12/4/2023,2026-05-13T20:23:05+00:00,2026-05-18T20:52:03+00:00
GUIDE-081,Menu Item Quick List Quick Guide,SC,Menu Planning,Quick Guide,https://s3.us-east-1.amazonaws.com/docs.schoolcafe.com/MenuPlanning/Menu_Item_Quick_List_Quick_Guide.pdf,raw/guides/pdf/SC/Menu-Planning/Quick-Guide/GUIDE-081-menu-item-quick-list-quick-guide.pdf,draft_extracted,clean,2026-05-13T20:07:07+00:00,2026-05-18T20:39:48+00:00,false,,raw/guides/markdown/SC/Menu-Planning/Quick-Guide/GUIDE-081-menu-item-quick-list-quick-guide.raw.md,raw/guides/markdown/SC/Menu-Planning/Quick-Guide/GUIDE-081-menu-item-quick-list-quick-guide.md,b40acde204869046,6.4,12/4/2023,2026-05-13T20:23:05+00:00,2026-05-18T20:52:03+00:00
GUIDE-082,Create a Menu Cycle Using the Standard Method Quick Guide,SC,Menu Planning,Quick Guide,https://s3.us-east-1.amazonaws.com/docs.schoolcafe.com/MenuPlanning/Create_Menu_Cycle_Standard_Method_Quick_Guide.pdf,raw/guides/pdf/SC/Menu-Planning/Quick-Guide/GUIDE-082-create-a-menu-cycle-using-the-standard-method-quick-guide.pdf,draft_extracted,clean,2026-05-13T20:07:07+00:00,2026-05-18T20:39:48+00:00,false,,raw/guides/markdown/SC/Menu-Planning/Quick-Guide/GUIDE-082-create-a-menu-cycle-using-the-standard-method-quick-guide.raw.md,raw/guides/markdown/SC/Menu-Planning/Quick-Guide/GUIDE-082-create-a-menu-cycle-using-the-standard-method-quick-guide.md,33205195c634be05,6.4,12/4/2023,2026-05-13T20:23:05+00:00,2026-05-18T20:52:04+00:00
GUIDE-083,Menu Planner Quick Guide,SC,Menu Planning,Quick Guide,https://s3.us-east-1.amazonaws.com/docs.schoolcafe.com/MenuPlanning/Menu_Planner_Quick_Guide.pdf,raw/guides/pdf/SC/Menu-Planning/Quick-Guide/GUIDE-083-menu-planner-quick-guide.pdf,draft_extracted,clean,2026-05-13T20:07:08+00:00,2026-05-18T20:39:49+00:00,false,,raw/guides/markdown/SC/Menu-Planning/Quick-Guide/GUIDE-083-menu-planner-quick-guide.raw.md,raw/guides/markdown/SC/Menu-Planning/Quick-Guide/GUIDE-083-menu-planner-quick-guide.md,2a02fe64cef9bc06,7.0,1/11/2024,2026-05-13T20:23:05+00:00,2026-05-18T20:52:04+00:00
GUIDE-084,Complete a Production Plan Quick Guide,SC,Production,Quick Guide,https://s3.us-east-1.amazonaws.com/docs.schoolcafe.com/Production/Complete_Production_Plan_Quick_Guide.pdf,raw/guides/pdf/SC/Production/Quick-Guide/GUIDE-084-complete-a-production-plan-quick-guide.pdf,draft_extracted,clean,2026-05-13T20:07:08+00:00,2026-05-18T20:39:49+00:00,false,,raw/guides/markdown/SC/Production/Quick-Guide/GUIDE-084-complete-a-production-plan-quick-guide.raw.md,raw/guides/markdown/SC/Production/Quick-Guide/GUIDE-084-complete-a-production-plan-quick-guide.md,74ac58337385518c,6.3,3/20/2023,2026-05-13T20:23:05+00:00,2026-05-18T20:52:04+00:00
GUIDE-085,Complete a Production Record Quick Guide,SC,Production,Quick Guide,https://s3.us-east-1.amazonaws.com/docs.schoolcafe.com/Production/Complete_Production_Record_Quick_Guide.pdf,raw/guides/pdf/SC/Production/Quick-Guide/GUIDE-085-complete-a-production-record-quick-guide.pdf,draft_extracted,clean,2026-05-13T20:07:09+00:00,2026-05-18T20:39:49+00:00,false,,raw/guides/markdown/SC/Production/Quick-Guide/GUIDE-085-complete-a-production-record-quick-guide.raw.md,raw/guides/markdown/SC/Production/Quick-Guide/GUIDE-085-complete-a-production-record-quick-guide.md,eeb4ae2579c8c620,6.3,3/23/2023,2026-05-13T20:23:05+00:00,2026-05-18T20:52:04+00:00
GUIDE-086,Complete a Production Adjustment Quick Guide,SC,Production,Quick Guide,https://s3.us-east-1.amazonaws.com/docs.schoolcafe.com/Production/Complete_Production_Adjustment_Quick_Guide.pdf,raw/guides/pdf/SC/Production/Quick-Guide/GUIDE-086-complete-a-production-adjustment-quick-guide.pdf,draft_extracted,clean,2026-05-13T20:07:09+00:00,2026-05-18T20:39:49+00:00,false,,raw/guides/markdown/SC/Production/Quick-Guide/GUIDE-086-complete-a-production-adjustment-quick-guide.raw.md,raw/guides/markdown/SC/Production/Quick-Guide/GUIDE-086-complete-a-production-adjustment-quick-guide.md,81c32d5f9fcc6d29,6.3,3/24/2023,2026-05-13T20:23:05+00:00,2026-05-18T20:52:05+00:00
