role,topic,asset_id,title,asset_type,lms_use_case,confidence,notes
cafeteria_manager,food_safety,icn-food-safety-videos-a-flash-of-food-safety-1-eng,A Flash of Food Safety_1_eng,video_local,Embedded local video clip,high,"Cafeteria Manager / Food Safety mapping from title, source, filename, and extracted headings."
frontline_cafeteria_staff,food_safety,icn-food-safety-videos-a-flash-of-food-safety-1-eng,A Flash of Food Safety_1_eng,video_local,Embedded local video clip,high,"Frontline Cafeteria Staff / Food Safety mapping from title, source, filename, and extracted headings."
cafeteria_manager,food_safety,icn-food-safety-videos-a-flash-of-food-safety-2-eng,A Flash of Food Safety_2_eng,video_local,Embedded local video clip,high,"Cafeteria Manager / Food Safety mapping from title, source, filename, and extracted headings."
frontline_cafeteria_staff,food_safety,icn-food-safety-videos-a-flash-of-food-safety-2-eng,A Flash of Food Safety_2_eng,video_local,Embedded local video clip,high,"Frontline Cafeteria Staff / Food Safety mapping from title, source, filename, and extracted headings."
cafeteria_manager,food_safety,icn-food-safety-videos-a-flash-of-food-safety-3-eng,A Flash of Food Safety_3_eng,video_local,Embedded local video clip,high,"Cafeteria Manager / Food Safety mapping from title, source, filename, and extracted headings."
frontline_cafeteria_staff,food_safety,icn-food-safety-videos-a-flash-of-food-safety-3-eng,A Flash of Food Safety_3_eng,video_local,Embedded local video clip,high,"Frontline Cafeteria Staff / Food Safety mapping from title, source, filename, and extracted headings."
cafeteria_manager,food_safety,icn-food-safety-videos-a-flash-of-food-safety-4-eng,A Flash of Food Safety_4_eng,video_local,Embedded local video clip,high,"Cafeteria Manager / Food Safety mapping from title, source, filename, and extracted headings."
frontline_cafeteria_staff,food_safety,icn-food-safety-videos-a-flash-of-food-safety-4-eng,A Flash of Food Safety_4_eng,video_local,Embedded local video clip,high,"Frontline Cafeteria Staff / Food Safety mapping from title, source, filename, and extracted headings."
cafeteria_manager,food_safety,icn-food-safety-videos-a-flash-of-food-safety-5-eng,A Flash of Food Safety_5_eng,video_local,Embedded local video clip,high,"Cafeteria Manager / Food Safety mapping from title, source, filename, and extracted headings."
frontline_cafeteria_staff,food_safety,icn-food-safety-videos-a-flash-of-food-safety-5-eng,A Flash of Food Safety_5_eng,video_local,Embedded local video clip,high,"Frontline Cafeteria Staff / Food Safety mapping from title, source, filename, and extracted headings."
cafeteria_manager,customer_service,icn-discovery-best-practices-for-operations-and-teamwork,Best Practices for Operations and Teamwork,webpage,Link-out resource card,high,"Cafeteria Manager / Customer Service mapping from title, source, filename, and extracted headings."
cafeteria_manager,cafeteria_operations,icn-discovery-best-practices-for-operations-and-teamwork,Best Practices for Operations and Teamwork,webpage,Link-out resource card,high,"Cafeteria Manager / Cafeteria Operations mapping from title, source, filename, and extracted headings."
district_admin,customer_service,icn-discovery-best-practices-for-operations-and-teamwork,Best Practices for Operations and Teamwork,webpage,Link-out resource card,high,"District Nutrition Director / Admin / Customer Service mapping from title, source, filename, and extracted headings."
district_admin,cafeteria_operations,icn-discovery-best-practices-for-operations-and-teamwork,Best Practices for Operations and Teamwork,webpage,Link-out resource card,high,"District Nutrition Director / Admin / Cafeteria Operations mapping from title, source, filename, and extracted headings."
frontline_cafeteria_staff,thermometer_use,icn-discovery-calibrating-thermometers,Calibrating Thermometers,webpage,Link-out resource card,high,"Frontline Cafeteria Staff / Thermometer Use mapping from title, source, filename, and extracted headings."
district_admin,thermometer_use,icn-discovery-calibrating-thermometers,Calibrating Thermometers,webpage,Link-out resource card,high,"District Nutrition Director / Admin / Thermometer Use mapping from title, source, filename, and extracted headings."
frontline_cafeteria_staff,food_safety,icn-food-safety-videos-child-care-employee-health-and-personal-hygiene-video-mini-series-part-1-reporting-illness,Child Care Employee Health and Personal Hygiene Video Mini-Series Part 1- Reporting Illness,video_local,Embedded local video clip,high,"Frontline Cafeteria Staff / Food Safety mapping from title, source, filename, and extracted headings."
cafeteria_manager,food_safety,icn-food-safety-videos-child-care-employee-health-and-personal-hygiene-video-mini-series-part-1-reporting-illness,Child Care Employee Health and Personal Hygiene Video Mini-Series Part 1- Reporting Illness,video_local,Embedded local video clip,high,"Cafeteria Manager / Food Safety mapping from title, source, filename, and extracted headings."
frontline_cafeteria_staff,food_safety,icn-food-safety-videos-child-care-employee-health-and-personal-hygiene-video-mini-series-part-2-handling-illness,Child Care Employee Health and Personal Hygiene Video Mini-Series Part 2- Handling Illness,video_local,Embedded local video clip,high,"Frontline Cafeteria Staff / Food Safety mapping from title, source, filename, and extracted headings."
cafeteria_manager,food_safety,icn-food-safety-videos-child-care-employee-health-and-personal-hygiene-video-mini-series-part-2-handling-illness,Child Care Employee Health and Personal Hygiene Video Mini-Series Part 2- Handling Illness,video_local,Embedded local video clip,high,"Cafeteria Manager / Food Safety mapping from title, source, filename, and extracted headings."
frontline_cafeteria_staff,food_safety,icn-food-safety-videos-child-care-employee-health-and-personal-hygiene-video-mini-series-part-3-preventing-illnes,Child Care Employee Health and Personal Hygiene Video Mini-Series Part 3- Preventing Illness,video_local,Embedded local video clip,high,"Frontline Cafeteria Staff / Food Safety mapping from title, source, filename, and extracted headings."
cafeteria_manager,food_safety,icn-food-safety-videos-child-care-employee-health-and-personal-hygiene-video-mini-series-part-3-preventing-illnes,Child Care Employee Health and Personal Hygiene Video Mini-Series Part 3- Preventing Illness,video_local,Embedded local video clip,high,"Cafeteria Manager / Food Safety mapping from title, source, filename, and extracted headings."
frontline_cafeteria_staff,food_safety,icn-food-safety-videos-cool-it-methods-for-cooling-food-safely,Cool It! Methods for Cooling Food Safely,video_local,Embedded local video clip,high,"Frontline Cafeteria Staff / Food Safety mapping from title, source, filename, and extracted headings."
frontline_cafeteria_staff,cooling_food,icn-food-safety-videos-cool-it-methods-for-cooling-food-safely,Cool It! Methods for Cooling Food Safely,video_local,Embedded local video clip,high,"Frontline Cafeteria Staff / Cooling Food mapping from title, source, filename, and extracted headings."
cafeteria_manager,food_safety,icn-food-safety-videos-cool-it-methods-for-cooling-food-safely,Cool It! Methods for Cooling Food Safely,video_local,Embedded local video clip,high,"Cafeteria Manager / Food Safety mapping from title, source, filename, and extracted headings."
cafeteria_manager,cooling_food,icn-food-safety-videos-cool-it-methods-for-cooling-food-safely,Cool It! Methods for Cooling Food Safely,video_local,Embedded local video clip,high,"Cafeteria Manager / Cooling Food mapping from title, source, filename, and extracted headings."
frontline_cafeteria_staff,cooling_food,icn-discovery-cooling-foods,Cooling Foods,webpage,Link-out resource card,high,"Frontline Cafeteria Staff / Cooling Food mapping from title, source, filename, and extracted headings."
district_admin,cooling_food,icn-discovery-cooling-foods,Cooling Foods,webpage,Link-out resource card,high,"District Nutrition Director / Admin / Cooling Food mapping from title, source, filename, and extracted headings."
frontline_cafeteria_staff,food_safety,icn-discovery-cooling-time-temperature-control-for-safe-foods,Cooling Time Temperature Control for Safe Foods,webpage,Link-out resource card,high,"Frontline Cafeteria Staff / Food Safety mapping from title, source, filename, and extracted headings."
frontline_cafeteria_staff,thermometer_use,icn-discovery-cooling-time-temperature-control-for-safe-foods,Cooling Time Temperature Control for Safe Foods,webpage,Link-out resource card,high,"Frontline Cafeteria Staff / Thermometer Use mapping from title, source, filename, and extracted headings."
frontline_cafeteria_staff,cooling_food,icn-discovery-cooling-time-temperature-control-for-safe-foods,Cooling Time Temperature Control for Safe Foods,webpage,Link-out resource card,high,"Frontline Cafeteria Staff / Cooling Food mapping from title, source, filename, and extracted headings."
district_admin,food_safety,icn-discovery-cooling-time-temperature-control-for-safe-foods,Cooling Time Temperature Control for Safe Foods,webpage,Link-out resource card,high,"District Nutrition Director / Admin / Food Safety mapping from title, source, filename, and extracted headings."
district_admin,thermometer_use,icn-discovery-cooling-time-temperature-control-for-safe-foods,Cooling Time Temperature Control for Safe Foods,webpage,Link-out resource card,high,"District Nutrition Director / Admin / Thermometer Use mapping from title, source, filename, and extracted headings."
district_admin,cooling_food,icn-discovery-cooling-time-temperature-control-for-safe-foods,Cooling Time Temperature Control for Safe Foods,webpage,Link-out resource card,high,"District Nutrition Director / Admin / Cooling Food mapping from title, source, filename, and extracted headings."
cafeteria_manager,food_safety,icn-discovery-cooling-time-temperature-control-for-safe-foods,Cooling Time Temperature Control for Safe Foods,webpage,Link-out resource card,high,"Cafeteria Manager / Food Safety mapping from title, source, filename, and extracted headings."
cafeteria_manager,thermometer_use,icn-discovery-cooling-time-temperature-control-for-safe-foods,Cooling Time Temperature Control for Safe Foods,webpage,Link-out resource card,high,"Cafeteria Manager / Thermometer Use mapping from title, source, filename, and extracted headings."
cafeteria_manager,cooling_food,icn-discovery-cooling-time-temperature-control-for-safe-foods,Cooling Time Temperature Control for Safe Foods,webpage,Link-out resource card,high,"Cafeteria Manager / Cooling Food mapping from title, source, filename, and extracted headings."
cafeteria_manager,customer_service,icn-discovery-customer-service-merchandising-and-food-presentation-instructor-s-manual-for-orientation,"Customer Service, Merchandising, and Food Presentation Instructor's Manual for Orientation",webpage,Link-out resource card,high,"Cafeteria Manager / Customer Service mapping from title, source, filename, and extracted headings."
cafeteria_manager,staff_training,icn-discovery-customer-service-merchandising-and-food-presentation-instructor-s-manual-for-orientation,"Customer Service, Merchandising, and Food Presentation Instructor's Manual for Orientation",webpage,Link-out resource card,high,"Cafeteria Manager / Staff Training mapping from title, source, filename, and extracted headings."
district_admin,customer_service,icn-discovery-customer-service-merchandising-and-food-presentation-instructor-s-manual-for-orientation,"Customer Service, Merchandising, and Food Presentation Instructor's Manual for Orientation",webpage,Link-out resource card,high,"District Nutrition Director / Admin / Customer Service mapping from title, source, filename, and extracted headings."
district_admin,staff_training,icn-discovery-customer-service-merchandising-and-food-presentation-instructor-s-manual-for-orientation,"Customer Service, Merchandising, and Food Presentation Instructor's Manual for Orientation",webpage,Link-out resource card,high,"District Nutrition Director / Admin / Staff Training mapping from title, source, filename, and extracted headings."
district_admin,customer_service,icn-discovery-customer-service-merchandising-and-food-presentation-participant-s-workbook-for-orientatio,"Customer Service, Merchandising, and Food Presentation Participant's Workbook for Orientation",webpage,Link-out resource card,high,"District Nutrition Director / Admin / Customer Service mapping from title, source, filename, and extracted headings."
district_admin,staff_training,icn-discovery-customer-service-merchandising-and-food-presentation-participant-s-workbook-for-orientatio,"Customer Service, Merchandising, and Food Presentation Participant's Workbook for Orientation",webpage,Link-out resource card,high,"District Nutrition Director / Admin / Staff Training mapping from title, source, filename, and extracted headings."
cafeteria_manager,customer_service,icn-discovery-customer-service-merchandising-and-food-presentation-participant-s-workbook-for-orientatio,"Customer Service, Merchandising, and Food Presentation Participant's Workbook for Orientation",webpage,Link-out resource card,high,"Cafeteria Manager / Customer Service mapping from title, source, filename, and extracted headings."
cafeteria_manager,staff_training,icn-discovery-customer-service-merchandising-and-food-presentation-participant-s-workbook-for-orientatio,"Customer Service, Merchandising, and Food Presentation Participant's Workbook for Orientation",webpage,Link-out resource card,high,"Cafeteria Manager / Staff Training mapping from title, source, filename, and extracted headings."
district_admin,customer_service,icn-discovery-customer-service-merchandising-and-food-presentation-powerpoint-for-orientation,"Customer Service, Merchandising, and Food Presentation PowerPoint for Orientation",webpage,Link-out resource card,high,"District Nutrition Director / Admin / Customer Service mapping from title, source, filename, and extracted headings."
district_admin,staff_training,icn-discovery-customer-service-merchandising-and-food-presentation-powerpoint-for-orientation,"Customer Service, Merchandising, and Food Presentation PowerPoint for Orientation",webpage,Link-out resource card,high,"District Nutrition Director / Admin / Staff Training mapping from title, source, filename, and extracted headings."
cafeteria_manager,customer_service,icn-discovery-customer-service-merchandising-and-food-presentation-powerpoint-for-orientation,"Customer Service, Merchandising, and Food Presentation PowerPoint for Orientation",webpage,Link-out resource card,high,"Cafeteria Manager / Customer Service mapping from title, source, filename, and extracted headings."
cafeteria_manager,staff_training,icn-discovery-customer-service-merchandising-and-food-presentation-powerpoint-for-orientation,"Customer Service, Merchandising, and Food Presentation PowerPoint for Orientation",webpage,Link-out resource card,high,"Cafeteria Manager / Staff Training mapping from title, source, filename, and extracted headings."
district_admin,handwashing,icn-discovery-effective-handwashing,Effective Handwashing,webpage,Link-out resource card,high,"District Nutrition Director / Admin / Handwashing mapping from title, source, filename, and extracted headings."
cafeteria_manager,staff_training,icn-discovery-financial-management-managers-assessment-answer-key,Financial Management Managers - Assessment Answer Key,webpage,Link-out resource card,high,"Cafeteria Manager / Staff Training mapping from title, source, filename, and extracted headings."
cafeteria_manager,manager_responsibilities,icn-discovery-financial-management-managers-assessment-answer-key,Financial Management Managers - Assessment Answer Key,webpage,Link-out resource card,high,"Cafeteria Manager / Manager Responsibilities mapping from title, source, filename, and extracted headings."
district_admin,staff_training,icn-discovery-financial-management-managers-assessment-answer-key,Financial Management Managers - Assessment Answer Key,webpage,Link-out resource card,high,"District Nutrition Director / Admin / Staff Training mapping from title, source, filename, and extracted headings."
district_admin,manager_responsibilities,icn-discovery-financial-management-managers-assessment-answer-key,Financial Management Managers - Assessment Answer Key,webpage,Link-out resource card,high,"District Nutrition Director / Admin / Manager Responsibilities mapping from title, source, filename, and extracted headings."
cafeteria_manager,staff_training,icn-discovery-financial-management-managers-instructors-manual,Financial Management Managers - Instructors Manual,webpage,Link-out resource card,high,"Cafeteria Manager / Staff Training mapping from title, source, filename, and extracted headings."
cafeteria_manager,manager_responsibilities,icn-discovery-financial-management-managers-instructors-manual,Financial Management Managers - Instructors Manual,webpage,Link-out resource card,high,"Cafeteria Manager / Manager Responsibilities mapping from title, source, filename, and extracted headings."
district_admin,staff_training,icn-discovery-financial-management-managers-instructors-manual,Financial Management Managers - Instructors Manual,webpage,Link-out resource card,high,"District Nutrition Director / Admin / Staff Training mapping from title, source, filename, and extracted headings."
district_admin,manager_responsibilities,icn-discovery-financial-management-managers-instructors-manual,Financial Management Managers - Instructors Manual,webpage,Link-out resource card,high,"District Nutrition Director / Admin / Manager Responsibilities mapping from title, source, filename, and extracted headings."
cafeteria_manager,staff_training,icn-discovery-financial-management-managers-participants-workbook,Financial Management Managers - Participants Workbook,webpage,Link-out resource card,high,"Cafeteria Manager / Staff Training mapping from title, source, filename, and extracted headings."
cafeteria_manager,manager_responsibilities,icn-discovery-financial-management-managers-participants-workbook,Financial Management Managers - Participants Workbook,webpage,Link-out resource card,high,"Cafeteria Manager / Manager Responsibilities mapping from title, source, filename, and extracted headings."
district_admin,staff_training,icn-discovery-financial-management-managers-participants-workbook,Financial Management Managers - Participants Workbook,webpage,Link-out resource card,high,"District Nutrition Director / Admin / Staff Training mapping from title, source, filename, and extracted headings."
district_admin,manager_responsibilities,icn-discovery-financial-management-managers-participants-workbook,Financial Management Managers - Participants Workbook,webpage,Link-out resource card,high,"District Nutrition Director / Admin / Manager Responsibilities mapping from title, source, filename, and extracted headings."
cafeteria_manager,manager_responsibilities,icn-discovery-financial-management-managers-pre-post-assestment,Financial Management Managers - Pre-Post-Assestment,webpage,Link-out resource card,high,"Cafeteria Manager / Manager Responsibilities mapping from title, source, filename, and extracted headings."
district_admin,manager_responsibilities,icn-discovery-financial-management-managers-pre-post-assestment,Financial Management Managers - Pre-Post-Assestment,webpage,Link-out resource card,high,"District Nutrition Director / Admin / Manager Responsibilities mapping from title, source, filename, and extracted headings."
cafeteria_manager,staff_training,icn-discovery-financial-management-managers-presentation,Financial Management Managers - Presentation,webpage,Link-out resource card,high,"Cafeteria Manager / Staff Training mapping from title, source, filename, and extracted headings."
cafeteria_manager,manager_responsibilities,icn-discovery-financial-management-managers-presentation,Financial Management Managers - Presentation,webpage,Link-out resource card,high,"Cafeteria Manager / Manager Responsibilities mapping from title, source, filename, and extracted headings."
district_admin,staff_training,icn-discovery-financial-management-managers-presentation,Financial Management Managers - Presentation,webpage,Link-out resource card,high,"District Nutrition Director / Admin / Staff Training mapping from title, source, filename, and extracted headings."
district_admin,manager_responsibilities,icn-discovery-financial-management-managers-presentation,Financial Management Managers - Presentation,webpage,Link-out resource card,high,"District Nutrition Director / Admin / Manager Responsibilities mapping from title, source, filename, and extracted headings."
cafeteria_manager,manager_responsibilities,icn-discovery-financial-management-for-managers,Financial Management for Managers,webpage,Link-out resource card,high,"Cafeteria Manager / Manager Responsibilities mapping from title, source, filename, and extracted headings."
district_admin,manager_responsibilities,icn-discovery-financial-management-for-managers,Financial Management for Managers,webpage,Link-out resource card,high,"District Nutrition Director / Admin / Manager Responsibilities mapping from title, source, filename, and extracted headings."
district_admin,food_safety,icn-discovery-food-safety-basics,Food Safety Basics,webpage,Link-out resource card,high,"District Nutrition Director / Admin / Food Safety mapping from title, source, filename, and extracted headings."
cafeteria_manager,food_safety,icn-discovery-food-safety-basics,Food Safety Basics,webpage,Link-out resource card,high,"Cafeteria Manager / Food Safety mapping from title, source, filename, and extracted headings."
frontline_cafeteria_staff,food_safety,icn-discovery-food-safety-basics,Food Safety Basics,webpage,Link-out resource card,high,"Frontline Cafeteria Staff / Food Safety mapping from title, source, filename, and extracted headings."
cafeteria_manager,food_safety,icn-food-safety-basics-food-safety-basics-instructor-s-manual,Food Safety Basics - Instructor's Manual,pdf,Reference PDF plus lesson and quiz source,high,"Cafeteria Manager / Food Safety mapping from title, source, filename, and extracted headings."
cafeteria_manager,staff_training,icn-food-safety-basics-food-safety-basics-instructor-s-manual,Food Safety Basics - Instructor's Manual,pdf,PDF viewer inside a training module,high,"Cafeteria Manager / Staff Training mapping from title, source, filename, and extracted headings."
district_admin,food_safety,icn-food-safety-basics-food-safety-basics-instructor-s-manual,Food Safety Basics - Instructor's Manual,pdf,Reference PDF plus lesson and quiz source,high,"District Nutrition Director / Admin / Food Safety mapping from title, source, filename, and extracted headings."
district_admin,staff_training,icn-food-safety-basics-food-safety-basics-instructor-s-manual,Food Safety Basics - Instructor's Manual,pdf,PDF viewer inside a training module,high,"District Nutrition Director / Admin / Staff Training mapping from title, source, filename, and extracted headings."
frontline_cafeteria_staff,food_safety,icn-food-safety-basics-food-safety-basics-instructor-s-manual,Food Safety Basics - Instructor's Manual,pdf,Reference PDF plus lesson and quiz source,high,"Frontline Cafeteria Staff / Food Safety mapping from title, source, filename, and extracted headings."
frontline_cafeteria_staff,staff_training,icn-food-safety-basics-food-safety-basics-instructor-s-manual,Food Safety Basics - Instructor's Manual,pdf,PDF viewer inside a training module,high,"Frontline Cafeteria Staff / Staff Training mapping from title, source, filename, and extracted headings."
district_admin,food_safety,icn-food-safety-basics-food-safety-basics-participant-s-workbook,Food Safety Basics - Participant's Workbook,pdf,Reference PDF plus lesson and quiz source,high,"District Nutrition Director / Admin / Food Safety mapping from title, source, filename, and extracted headings."
district_admin,staff_training,icn-food-safety-basics-food-safety-basics-participant-s-workbook,Food Safety Basics - Participant's Workbook,pdf,PDF viewer inside a training module,high,"District Nutrition Director / Admin / Staff Training mapping from title, source, filename, and extracted headings."
cafeteria_manager,food_safety,icn-food-safety-basics-food-safety-basics-participant-s-workbook,Food Safety Basics - Participant's Workbook,pdf,Reference PDF plus lesson and quiz source,high,"Cafeteria Manager / Food Safety mapping from title, source, filename, and extracted headings."
cafeteria_manager,staff_training,icn-food-safety-basics-food-safety-basics-participant-s-workbook,Food Safety Basics - Participant's Workbook,pdf,PDF viewer inside a training module,high,"Cafeteria Manager / Staff Training mapping from title, source, filename, and extracted headings."
frontline_cafeteria_staff,food_safety,icn-food-safety-basics-food-safety-basics-participant-s-workbook,Food Safety Basics - Participant's Workbook,pdf,Reference PDF plus lesson and quiz source,high,"Frontline Cafeteria Staff / Food Safety mapping from title, source, filename, and extracted headings."
frontline_cafeteria_staff,staff_training,icn-food-safety-basics-food-safety-basics-participant-s-workbook,Food Safety Basics - Participant's Workbook,pdf,PDF viewer inside a training module,high,"Frontline Cafeteria Staff / Staff Training mapping from title, source, filename, and extracted headings."
cafeteria_manager,food_safety,icn-food-safety-basics-food-safety-basics-post-assessment,Food Safety Basics - Post-Assessment,pdf,Reference PDF plus lesson and quiz source,high,"Cafeteria Manager / Food Safety mapping from title, source, filename, and extracted headings."
cafeteria_manager,staff_training,icn-food-safety-basics-food-safety-basics-post-assessment,Food Safety Basics - Post-Assessment,pdf,PDF viewer inside a training module,high,"Cafeteria Manager / Staff Training mapping from title, source, filename, and extracted headings."
district_admin,food_safety,icn-food-safety-basics-food-safety-basics-post-assessment,Food Safety Basics - Post-Assessment,pdf,Reference PDF plus lesson and quiz source,high,"District Nutrition Director / Admin / Food Safety mapping from title, source, filename, and extracted headings."
district_admin,staff_training,icn-food-safety-basics-food-safety-basics-post-assessment,Food Safety Basics - Post-Assessment,pdf,PDF viewer inside a training module,high,"District Nutrition Director / Admin / Staff Training mapping from title, source, filename, and extracted headings."
frontline_cafeteria_staff,food_safety,icn-food-safety-basics-food-safety-basics-post-assessment,Food Safety Basics - Post-Assessment,pdf,Reference PDF plus lesson and quiz source,high,"Frontline Cafeteria Staff / Food Safety mapping from title, source, filename, and extracted headings."
frontline_cafeteria_staff,staff_training,icn-food-safety-basics-food-safety-basics-post-assessment,Food Safety Basics - Post-Assessment,pdf,PDF viewer inside a training module,high,"Frontline Cafeteria Staff / Staff Training mapping from title, source, filename, and extracted headings."
cafeteria_manager,food_safety,icn-food-safety-basics-food-safety-basics-pre-assessment,Food Safety Basics - Pre-Assessment,pdf,Reference PDF plus lesson and quiz source,high,"Cafeteria Manager / Food Safety mapping from title, source, filename, and extracted headings."
cafeteria_manager,staff_training,icn-food-safety-basics-food-safety-basics-pre-assessment,Food Safety Basics - Pre-Assessment,pdf,PDF viewer inside a training module,high,"Cafeteria Manager / Staff Training mapping from title, source, filename, and extracted headings."
district_admin,food_safety,icn-food-safety-basics-food-safety-basics-pre-assessment,Food Safety Basics - Pre-Assessment,pdf,Reference PDF plus lesson and quiz source,high,"District Nutrition Director / Admin / Food Safety mapping from title, source, filename, and extracted headings."
district_admin,staff_training,icn-food-safety-basics-food-safety-basics-pre-assessment,Food Safety Basics - Pre-Assessment,pdf,PDF viewer inside a training module,high,"District Nutrition Director / Admin / Staff Training mapping from title, source, filename, and extracted headings."
frontline_cafeteria_staff,food_safety,icn-food-safety-basics-food-safety-basics-pre-assessment,Food Safety Basics - Pre-Assessment,pdf,Reference PDF plus lesson and quiz source,high,"Frontline Cafeteria Staff / Food Safety mapping from title, source, filename, and extracted headings."
frontline_cafeteria_staff,staff_training,icn-food-safety-basics-food-safety-basics-pre-assessment,Food Safety Basics - Pre-Assessment,pdf,PDF viewer inside a training module,high,"Frontline Cafeteria Staff / Staff Training mapping from title, source, filename, and extracted headings."
cafeteria_manager,food_safety,icn-food-safety-basics-food-safety-basics-pre-post-assessment-answers,Food Safety Basics - Pre-Post Assessment Answers,pdf,Reference PDF plus lesson and quiz source,high,"Cafeteria Manager / Food Safety mapping from title, source, filename, and extracted headings."
cafeteria_manager,staff_training,icn-food-safety-basics-food-safety-basics-pre-post-assessment-answers,Food Safety Basics - Pre-Post Assessment Answers,pdf,PDF viewer inside a training module,high,"Cafeteria Manager / Staff Training mapping from title, source, filename, and extracted headings."
district_admin,food_safety,icn-food-safety-basics-food-safety-basics-pre-post-assessment-answers,Food Safety Basics - Pre-Post Assessment Answers,pdf,Reference PDF plus lesson and quiz source,high,"District Nutrition Director / Admin / Food Safety mapping from title, source, filename, and extracted headings."
district_admin,staff_training,icn-food-safety-basics-food-safety-basics-pre-post-assessment-answers,Food Safety Basics - Pre-Post Assessment Answers,pdf,PDF viewer inside a training module,high,"District Nutrition Director / Admin / Staff Training mapping from title, source, filename, and extracted headings."
frontline_cafeteria_staff,food_safety,icn-food-safety-basics-food-safety-basics-pre-post-assessment-answers,Food Safety Basics - Pre-Post Assessment Answers,pdf,Reference PDF plus lesson and quiz source,high,"Frontline Cafeteria Staff / Food Safety mapping from title, source, filename, and extracted headings."
frontline_cafeteria_staff,staff_training,icn-food-safety-basics-food-safety-basics-pre-post-assessment-answers,Food Safety Basics - Pre-Post Assessment Answers,pdf,PDF viewer inside a training module,high,"Frontline Cafeteria Staff / Staff Training mapping from title, source, filename, and extracted headings."
district_admin,food_safety,icn-food-safety-basics-food-safety-basics-presentation,Food Safety Basics - Presentation,pptx,Slide-based lesson outline,high,"District Nutrition Director / Admin / Food Safety mapping from title, source, filename, and extracted headings."
district_admin,staff_training,icn-food-safety-basics-food-safety-basics-presentation,Food Safety Basics - Presentation,pptx,Slide deck for manager-led training,high,"District Nutrition Director / Admin / Staff Training mapping from title, source, filename, and extracted headings."
cafeteria_manager,food_safety,icn-food-safety-basics-food-safety-basics-presentation,Food Safety Basics - Presentation,pptx,Slide-based lesson outline,high,"Cafeteria Manager / Food Safety mapping from title, source, filename, and extracted headings."
cafeteria_manager,staff_training,icn-food-safety-basics-food-safety-basics-presentation,Food Safety Basics - Presentation,pptx,Slide deck for manager-led training,high,"Cafeteria Manager / Staff Training mapping from title, source, filename, and extracted headings."
frontline_cafeteria_staff,food_safety,icn-food-safety-basics-food-safety-basics-presentation,Food Safety Basics - Presentation,pptx,Slide-based lesson outline,high,"Frontline Cafeteria Staff / Food Safety mapping from title, source, filename, and extracted headings."
frontline_cafeteria_staff,staff_training,icn-food-safety-basics-food-safety-basics-presentation,Food Safety Basics - Presentation,pptx,Slide deck for manager-led training,high,"Frontline Cafeteria Staff / Staff Training mapping from title, source, filename, and extracted headings."
cafeteria_manager,food_safety,icn-discovery-food-safety-essentials-instructor-s-manual-for-orientation,Food Safety Essentials Instructor's Manual for Orientation,webpage,Link-out resource card,high,"Cafeteria Manager / Food Safety mapping from title, source, filename, and extracted headings."
cafeteria_manager,staff_training,icn-discovery-food-safety-essentials-instructor-s-manual-for-orientation,Food Safety Essentials Instructor's Manual for Orientation,webpage,Link-out resource card,high,"Cafeteria Manager / Staff Training mapping from title, source, filename, and extracted headings."
district_admin,food_safety,icn-discovery-food-safety-essentials-instructor-s-manual-for-orientation,Food Safety Essentials Instructor's Manual for Orientation,webpage,Link-out resource card,high,"District Nutrition Director / Admin / Food Safety mapping from title, source, filename, and extracted headings."
district_admin,staff_training,icn-discovery-food-safety-essentials-instructor-s-manual-for-orientation,Food Safety Essentials Instructor's Manual for Orientation,webpage,Link-out resource card,high,"District Nutrition Director / Admin / Staff Training mapping from title, source, filename, and extracted headings."
frontline_cafeteria_staff,food_safety,icn-discovery-food-safety-essentials-instructor-s-manual-for-orientation,Food Safety Essentials Instructor's Manual for Orientation,webpage,Link-out resource card,high,"Frontline Cafeteria Staff / Food Safety mapping from title, source, filename, and extracted headings."
frontline_cafeteria_staff,staff_training,icn-discovery-food-safety-essentials-instructor-s-manual-for-orientation,Food Safety Essentials Instructor's Manual for Orientation,webpage,Link-out resource card,high,"Frontline Cafeteria Staff / Staff Training mapping from title, source, filename, and extracted headings."
district_admin,food_safety,icn-discovery-food-safety-essentials-participant-s-workbook-for-orientation,Food Safety Essentials Participant's Workbook for Orientation,webpage,Link-out resource card,high,"District Nutrition Director / Admin / Food Safety mapping from title, source, filename, and extracted headings."
district_admin,staff_training,icn-discovery-food-safety-essentials-participant-s-workbook-for-orientation,Food Safety Essentials Participant's Workbook for Orientation,webpage,Link-out resource card,high,"District Nutrition Director / Admin / Staff Training mapping from title, source, filename, and extracted headings."
cafeteria_manager,food_safety,icn-discovery-food-safety-essentials-participant-s-workbook-for-orientation,Food Safety Essentials Participant's Workbook for Orientation,webpage,Link-out resource card,high,"Cafeteria Manager / Food Safety mapping from title, source, filename, and extracted headings."
cafeteria_manager,staff_training,icn-discovery-food-safety-essentials-participant-s-workbook-for-orientation,Food Safety Essentials Participant's Workbook for Orientation,webpage,Link-out resource card,high,"Cafeteria Manager / Staff Training mapping from title, source, filename, and extracted headings."
frontline_cafeteria_staff,food_safety,icn-discovery-food-safety-essentials-participant-s-workbook-for-orientation,Food Safety Essentials Participant's Workbook for Orientation,webpage,Link-out resource card,high,"Frontline Cafeteria Staff / Food Safety mapping from title, source, filename, and extracted headings."
frontline_cafeteria_staff,staff_training,icn-discovery-food-safety-essentials-participant-s-workbook-for-orientation,Food Safety Essentials Participant's Workbook for Orientation,webpage,Link-out resource card,high,"Frontline Cafeteria Staff / Staff Training mapping from title, source, filename, and extracted headings."
district_admin,food_safety,icn-discovery-food-safety-essentials-presentation-or-orientation,Food Safety Essentials Presentation or Orientation,webpage,Link-out resource card,high,"District Nutrition Director / Admin / Food Safety mapping from title, source, filename, and extracted headings."
district_admin,staff_training,icn-discovery-food-safety-essentials-presentation-or-orientation,Food Safety Essentials Presentation or Orientation,webpage,Link-out resource card,high,"District Nutrition Director / Admin / Staff Training mapping from title, source, filename, and extracted headings."
cafeteria_manager,food_safety,icn-discovery-food-safety-essentials-presentation-or-orientation,Food Safety Essentials Presentation or Orientation,webpage,Link-out resource card,high,"Cafeteria Manager / Food Safety mapping from title, source, filename, and extracted headings."
cafeteria_manager,staff_training,icn-discovery-food-safety-essentials-presentation-or-orientation,Food Safety Essentials Presentation or Orientation,webpage,Link-out resource card,high,"Cafeteria Manager / Staff Training mapping from title, source, filename, and extracted headings."
frontline_cafeteria_staff,food_safety,icn-discovery-food-safety-essentials-presentation-or-orientation,Food Safety Essentials Presentation or Orientation,webpage,Link-out resource card,high,"Frontline Cafeteria Staff / Food Safety mapping from title, source, filename, and extracted headings."
frontline_cafeteria_staff,staff_training,icn-discovery-food-safety-essentials-presentation-or-orientation,Food Safety Essentials Presentation or Orientation,webpage,Link-out resource card,high,"Frontline Cafeteria Staff / Staff Training mapping from title, source, filename, and extracted headings."
district_admin,food_safety,icn-discovery-food-safety-fact-sheets,Food Safety Fact Sheets,webpage,Link-out resource card,high,"District Nutrition Director / Admin / Food Safety mapping from title, source, filename, and extracted headings."
cafeteria_manager,food_safety,icn-discovery-food-safety-fact-sheets,Food Safety Fact Sheets,webpage,Link-out resource card,high,"Cafeteria Manager / Food Safety mapping from title, source, filename, and extracted headings."
frontline_cafeteria_staff,food_safety,icn-discovery-food-safety-fact-sheets,Food Safety Fact Sheets,webpage,Link-out resource card,high,"Frontline Cafeteria Staff / Food Safety mapping from title, source, filename, and extracted headings."
district_admin,food_safety,icn-discovery-food-safety-mini-posters,Food Safety Mini-Posters,webpage,Link-out resource card,high,"District Nutrition Director / Admin / Food Safety mapping from title, source, filename, and extracted headings."
cafeteria_manager,food_safety,icn-discovery-food-safety-mini-posters,Food Safety Mini-Posters,webpage,Link-out resource card,high,"Cafeteria Manager / Food Safety mapping from title, source, filename, and extracted headings."
frontline_cafeteria_staff,food_safety,icn-discovery-food-safety-mini-posters,Food Safety Mini-Posters,webpage,Link-out resource card,high,"Frontline Cafeteria Staff / Food Safety mapping from title, source, filename, and extracted headings."
district_admin,food_safety,icn-discovery-food-safety-resources,Food Safety Resources,webpage,Link-out resource card,high,"District Nutrition Director / Admin / Food Safety mapping from title, source, filename, and extracted headings."
cafeteria_manager,food_safety,icn-discovery-food-safety-resources,Food Safety Resources,webpage,Link-out resource card,high,"Cafeteria Manager / Food Safety mapping from title, source, filename, and extracted headings."
frontline_cafeteria_staff,food_safety,icn-discovery-food-safety-resources,Food Safety Resources,webpage,Link-out resource card,high,"Frontline Cafeteria Staff / Food Safety mapping from title, source, filename, and extracted headings."
district_admin,food_safety,icn-discovery-food-safety-sops,Food Safety SOPs,webpage,Link-out resource card,high,"District Nutrition Director / Admin / Food Safety mapping from title, source, filename, and extracted headings."
cafeteria_manager,food_safety,icn-discovery-food-safety-sops,Food Safety SOPs,webpage,Link-out resource card,high,"Cafeteria Manager / Food Safety mapping from title, source, filename, and extracted headings."
frontline_cafeteria_staff,food_safety,icn-discovery-food-safety-sops,Food Safety SOPs,webpage,Link-out resource card,high,"Frontline Cafeteria Staff / Food Safety mapping from title, source, filename, and extracted headings."
district_admin,food_safety,icn-discovery-food-safety-tips-card,Food Safety Tips Card,webpage,Link-out resource card,high,"District Nutrition Director / Admin / Food Safety mapping from title, source, filename, and extracted headings."
cafeteria_manager,food_safety,icn-discovery-food-safety-tips-card,Food Safety Tips Card,webpage,Link-out resource card,high,"Cafeteria Manager / Food Safety mapping from title, source, filename, and extracted headings."
frontline_cafeteria_staff,food_safety,icn-discovery-food-safety-tips-card,Food Safety Tips Card,webpage,Link-out resource card,high,"Frontline Cafeteria Staff / Food Safety mapping from title, source, filename, and extracted headings."
district_admin,food_safety,icn-discovery-food-safety-tips-poster,Food Safety Tips Poster,webpage,Link-out resource card,high,"District Nutrition Director / Admin / Food Safety mapping from title, source, filename, and extracted headings."
cafeteria_manager,food_safety,icn-discovery-food-safety-tips-poster,Food Safety Tips Poster,webpage,Link-out resource card,high,"Cafeteria Manager / Food Safety mapping from title, source, filename, and extracted headings."
frontline_cafeteria_staff,food_safety,icn-discovery-food-safety-tips-poster,Food Safety Tips Poster,webpage,Link-out resource card,high,"Frontline Cafeteria Staff / Food Safety mapping from title, source, filename, and extracted headings."
district_admin,food_safety,icn-discovery-food-safety-and-school-gardens,Food Safety and School Gardens,webpage,Link-out resource card,high,"District Nutrition Director / Admin / Food Safety mapping from title, source, filename, and extracted headings."
cafeteria_manager,food_safety,icn-discovery-food-safety-and-school-gardens,Food Safety and School Gardens,webpage,Link-out resource card,high,"Cafeteria Manager / Food Safety mapping from title, source, filename, and extracted headings."
frontline_cafeteria_staff,food_safety,icn-discovery-food-safety-and-school-gardens,Food Safety and School Gardens,webpage,Link-out resource card,high,"Frontline Cafeteria Staff / Food Safety mapping from title, source, filename, and extracted headings."
frontline_cafeteria_staff,food_safety,icn-food-safety-in-schools-food-safety-in-schools-training-presentation,Food-Safety in Schools Training Presentation,pptx,Slide-based lesson outline,high,"Frontline Cafeteria Staff / Food Safety mapping from title, source, filename, and extracted headings."
frontline_cafeteria_staff,staff_training,icn-food-safety-in-schools-food-safety-in-schools-training-presentation,Food-Safety in Schools Training Presentation,pptx,Slide deck for manager-led training,high,"Frontline Cafeteria Staff / Staff Training mapping from title, source, filename, and extracted headings."
cafeteria_manager,food_safety,icn-food-safety-in-schools-food-safety-in-schools-training-presentation,Food-Safety in Schools Training Presentation,pptx,Slide-based lesson outline,high,"Cafeteria Manager / Food Safety mapping from title, source, filename, and extracted headings."
cafeteria_manager,staff_training,icn-food-safety-in-schools-food-safety-in-schools-training-presentation,Food-Safety in Schools Training Presentation,pptx,Slide deck for manager-led training,high,"Cafeteria Manager / Staff Training mapping from title, source, filename, and extracted headings."
district_admin,handwashing,icn-discovery-handwashing,Handwashing,webpage,Link-out resource card,high,"District Nutrition Director / Admin / Handwashing mapping from title, source, filename, and extracted headings."
district_admin,food_safety,icn-food-safety-basics-icn-handwashing-short,ICN Handwashing Short,video_local,Embedded local video clip,high,"District Nutrition Director / Admin / Food Safety mapping from title, source, filename, and extracted headings."
district_admin,handwashing,icn-food-safety-basics-icn-handwashing-short,ICN Handwashing Short,video_local,Embedded local video clip,high,"District Nutrition Director / Admin / Handwashing mapping from title, source, filename, and extracted headings."
cafeteria_manager,food_safety,icn-food-safety-basics-icn-handwashing-short,ICN Handwashing Short,video_local,Embedded local video clip,high,"Cafeteria Manager / Food Safety mapping from title, source, filename, and extracted headings."
cafeteria_manager,handwashing,icn-food-safety-basics-icn-handwashing-short,ICN Handwashing Short,video_local,Embedded local video clip,high,"Cafeteria Manager / Handwashing mapping from title, source, filename, and extracted headings."
frontline_cafeteria_staff,food_safety,icn-food-safety-basics-icn-handwashing-short,ICN Handwashing Short,video_local,Embedded local video clip,high,"Frontline Cafeteria Staff / Food Safety mapping from title, source, filename, and extracted headings."
frontline_cafeteria_staff,handwashing,icn-food-safety-basics-icn-handwashing-short,ICN Handwashing Short,video_local,Embedded local video clip,high,"Frontline Cafeteria Staff / Handwashing mapping from title, source, filename, and extracted headings."
cafeteria_manager,reimbursable_meals,icn-sodium-reduction-vilt-series-identifying-low-sodium-food-products-and-menu-planning-str-127831-identifying-low-sodium-f,Identifying Low-Sodium Food Products and Menu Planning Strategies to Meet Meal Pattern Requirements Instructor Manual,pdf,PDF viewer inside a training module,high,"Cafeteria Manager / Reimbursable Meals mapping from title, source, filename, and extracted headings."
cafeteria_manager,staff_training,icn-sodium-reduction-vilt-series-identifying-low-sodium-food-products-and-menu-planning-str-127831-identifying-low-sodium-f,Identifying Low-Sodium Food Products and Menu Planning Strategies to Meet Meal Pattern Requirements Instructor Manual,pdf,PDF viewer inside a training module,high,"Cafeteria Manager / Staff Training mapping from title, source, filename, and extracted headings."
cafeteria_manager,menu_planning,icn-sodium-reduction-vilt-series-identifying-low-sodium-food-products-and-menu-planning-str-127831-identifying-low-sodium-f,Identifying Low-Sodium Food Products and Menu Planning Strategies to Meet Meal Pattern Requirements Instructor Manual,pdf,PDF viewer inside a training module,high,"Cafeteria Manager / Menu Planning mapping from title, source, filename, and extracted headings."
district_admin,reimbursable_meals,icn-sodium-reduction-vilt-series-identifying-low-sodium-food-products-and-menu-planning-str-127831-identifying-low-sodium-f,Identifying Low-Sodium Food Products and Menu Planning Strategies to Meet Meal Pattern Requirements Instructor Manual,pdf,PDF viewer inside a training module,high,"District Nutrition Director / Admin / Reimbursable Meals mapping from title, source, filename, and extracted headings."
district_admin,staff_training,icn-sodium-reduction-vilt-series-identifying-low-sodium-food-products-and-menu-planning-str-127831-identifying-low-sodium-f,Identifying Low-Sodium Food Products and Menu Planning Strategies to Meet Meal Pattern Requirements Instructor Manual,pdf,PDF viewer inside a training module,high,"District Nutrition Director / Admin / Staff Training mapping from title, source, filename, and extracted headings."
district_admin,menu_planning,icn-sodium-reduction-vilt-series-identifying-low-sodium-food-products-and-menu-planning-str-127831-identifying-low-sodium-f,Identifying Low-Sodium Food Products and Menu Planning Strategies to Meet Meal Pattern Requirements Instructor Manual,pdf,PDF viewer inside a training module,high,"District Nutrition Director / Admin / Menu Planning mapping from title, source, filename, and extracted headings."
cafeteria_manager,reimbursable_meals,icn-sodium-reduction-vilt-series-identifying-low-sodium-food-products-and-menu-planning-str-127830-identifying-low-sodium-f,Identifying Low-Sodium Food Products and Menu Planning Strategies to Meet Meal Pattern Requirements Participant Workbook,pdf,PDF viewer inside a training module,high,"Cafeteria Manager / Reimbursable Meals mapping from title, source, filename, and extracted headings."
cafeteria_manager,staff_training,icn-sodium-reduction-vilt-series-identifying-low-sodium-food-products-and-menu-planning-str-127830-identifying-low-sodium-f,Identifying Low-Sodium Food Products and Menu Planning Strategies to Meet Meal Pattern Requirements Participant Workbook,pdf,PDF viewer inside a training module,high,"Cafeteria Manager / Staff Training mapping from title, source, filename, and extracted headings."
cafeteria_manager,menu_planning,icn-sodium-reduction-vilt-series-identifying-low-sodium-food-products-and-menu-planning-str-127830-identifying-low-sodium-f,Identifying Low-Sodium Food Products and Menu Planning Strategies to Meet Meal Pattern Requirements Participant Workbook,pdf,PDF viewer inside a training module,high,"Cafeteria Manager / Menu Planning mapping from title, source, filename, and extracted headings."
district_admin,reimbursable_meals,icn-sodium-reduction-vilt-series-identifying-low-sodium-food-products-and-menu-planning-str-127830-identifying-low-sodium-f,Identifying Low-Sodium Food Products and Menu Planning Strategies to Meet Meal Pattern Requirements Participant Workbook,pdf,PDF viewer inside a training module,high,"District Nutrition Director / Admin / Reimbursable Meals mapping from title, source, filename, and extracted headings."
district_admin,staff_training,icn-sodium-reduction-vilt-series-identifying-low-sodium-food-products-and-menu-planning-str-127830-identifying-low-sodium-f,Identifying Low-Sodium Food Products and Menu Planning Strategies to Meet Meal Pattern Requirements Participant Workbook,pdf,PDF viewer inside a training module,high,"District Nutrition Director / Admin / Staff Training mapping from title, source, filename, and extracted headings."
district_admin,menu_planning,icn-sodium-reduction-vilt-series-identifying-low-sodium-food-products-and-menu-planning-str-127830-identifying-low-sodium-f,Identifying Low-Sodium Food Products and Menu Planning Strategies to Meet Meal Pattern Requirements Participant Workbook,pdf,PDF viewer inside a training module,high,"District Nutrition Director / Admin / Menu Planning mapping from title, source, filename, and extracted headings."
cafeteria_manager,reimbursable_meals,icn-sodium-reduction-vilt-series-identifying-low-sodium-food-products-and-menu-planning-strategies-to-meet-meal-pattern-req,Identifying Low-Sodium Food Products and Menu Planning Strategies to Meet Meal Pattern Requirements Presentation,pptx,Slide-based lesson outline,high,"Cafeteria Manager / Reimbursable Meals mapping from title, source, filename, and extracted headings."
cafeteria_manager,staff_training,icn-sodium-reduction-vilt-series-identifying-low-sodium-food-products-and-menu-planning-strategies-to-meet-meal-pattern-req,Identifying Low-Sodium Food Products and Menu Planning Strategies to Meet Meal Pattern Requirements Presentation,pptx,Slide deck for manager-led training,high,"Cafeteria Manager / Staff Training mapping from title, source, filename, and extracted headings."
cafeteria_manager,menu_planning,icn-sodium-reduction-vilt-series-identifying-low-sodium-food-products-and-menu-planning-strategies-to-meet-meal-pattern-req,Identifying Low-Sodium Food Products and Menu Planning Strategies to Meet Meal Pattern Requirements Presentation,pptx,Slide-based lesson outline,high,"Cafeteria Manager / Menu Planning mapping from title, source, filename, and extracted headings."
district_admin,reimbursable_meals,icn-sodium-reduction-vilt-series-identifying-low-sodium-food-products-and-menu-planning-strategies-to-meet-meal-pattern-req,Identifying Low-Sodium Food Products and Menu Planning Strategies to Meet Meal Pattern Requirements Presentation,pptx,Slide-based lesson outline,high,"District Nutrition Director / Admin / Reimbursable Meals mapping from title, source, filename, and extracted headings."
district_admin,staff_training,icn-sodium-reduction-vilt-series-identifying-low-sodium-food-products-and-menu-planning-strategies-to-meet-meal-pattern-req,Identifying Low-Sodium Food Products and Menu Planning Strategies to Meet Meal Pattern Requirements Presentation,pptx,Slide deck for manager-led training,high,"District Nutrition Director / Admin / Staff Training mapping from title, source, filename, and extracted headings."
district_admin,menu_planning,icn-sodium-reduction-vilt-series-identifying-low-sodium-food-products-and-menu-planning-strategies-to-meet-meal-pattern-req,Identifying Low-Sodium Food Products and Menu Planning Strategies to Meet Meal Pattern Requirements Presentation,pptx,Slide-based lesson outline,high,"District Nutrition Director / Admin / Menu Planning mapping from title, source, filename, and extracted headings."
cafeteria_manager,food_safety,icn-food-safety-in-schools-instructor-s-manual,Instructor's Manual,pdf,Reference PDF plus lesson and quiz source,high,"Cafeteria Manager / Food Safety mapping from title, source, filename, and extracted headings."
cafeteria_manager,staff_training,icn-food-safety-in-schools-instructor-s-manual,Instructor's Manual,pdf,PDF viewer inside a training module,high,"Cafeteria Manager / Staff Training mapping from title, source, filename, and extracted headings."
frontline_cafeteria_staff,food_safety,icn-food-safety-in-schools-instructor-s-manual,Instructor's Manual,pdf,Reference PDF plus lesson and quiz source,high,"Frontline Cafeteria Staff / Food Safety mapping from title, source, filename, and extracted headings."
frontline_cafeteria_staff,staff_training,icn-food-safety-in-schools-instructor-s-manual,Instructor's Manual,pdf,PDF viewer inside a training module,high,"Frontline Cafeteria Staff / Staff Training mapping from title, source, filename, and extracted headings."
cafeteria_manager,staff_training,icn-sodium-reduction-vilt-series-maintaining-student-acceptability-of-lower-sodium-meals-instructor-manual,Maintaining Student Acceptability of Lower-Sodium Meals Instructor Manual,pdf,PDF viewer inside a training module,high,"Cafeteria Manager / Staff Training mapping from title, source, filename, and extracted headings."
cafeteria_manager,staff_training,icn-sodium-reduction-vilt-series-maintaining-student-acceptability-of-lower-sodium-meals-participant-workbook,Maintaining Student Acceptability of Lower-Sodium Meals Participant Workbook,pdf,PDF viewer inside a training module,high,"Cafeteria Manager / Staff Training mapping from title, source, filename, and extracted headings."
cafeteria_manager,staff_training,icn-sodium-reduction-vilt-series-maintaining-student-acceptability-of-lower-sodium-meals-presentation,Maintaining Student Acceptability of Lower-Sodium Meals Presentation,pptx,Slide deck for manager-led training,high,"Cafeteria Manager / Staff Training mapping from title, source, filename, and extracted headings."
cafeteria_manager,manager_responsibilities,icn-discovery-managers-corner-formerly-no-time-to-train,Manager’s Corner (Formerly No Time to Train),webpage,Link-out resource card,high,"Cafeteria Manager / Manager Responsibilities mapping from title, source, filename, and extracted headings."
district_admin,manager_responsibilities,icn-discovery-managers-corner-formerly-no-time-to-train,Manager’s Corner (Formerly No Time to Train),webpage,Link-out resource card,high,"District Nutrition Director / Admin / Manager Responsibilities mapping from title, source, filename, and extracted headings."
cafeteria_manager,food_safety,icn-food-safety-videos-managing-food-allergies-in-child-care-centers,Managing Food Allergies in Child Care Centers,video_local,Embedded local video clip,high,"Cafeteria Manager / Food Safety mapping from title, source, filename, and extracted headings."
frontline_cafeteria_staff,food_safety,icn-food-safety-videos-managing-food-allergies-in-child-care-centers,Managing Food Allergies in Child Care Centers,video_local,Embedded local video clip,high,"Frontline Cafeteria Staff / Food Safety mapping from title, source, filename, and extracted headings."
frontline_cafeteria_staff,food_safety,icn-food-safety-in-schools-participant-s-workbook,Participant's Workbook,pdf,Reference PDF plus lesson and quiz source,high,"Frontline Cafeteria Staff / Food Safety mapping from title, source, filename, and extracted headings."
frontline_cafeteria_staff,staff_training,icn-food-safety-in-schools-participant-s-workbook,Participant's Workbook,pdf,PDF viewer inside a training module,high,"Frontline Cafeteria Staff / Staff Training mapping from title, source, filename, and extracted headings."
cafeteria_manager,food_safety,icn-food-safety-in-schools-participant-s-workbook,Participant's Workbook,pdf,Reference PDF plus lesson and quiz source,high,"Cafeteria Manager / Food Safety mapping from title, source, filename, and extracted headings."
cafeteria_manager,staff_training,icn-food-safety-in-schools-participant-s-workbook,Participant's Workbook,pdf,PDF viewer inside a training module,high,"Cafeteria Manager / Staff Training mapping from title, source, filename, and extracted headings."
cafeteria_manager,reimbursable_meals,icn-planning-reimbursable-school-meals-planning-reimbursable-school-meals-for-menu-planners-instructor-manual,Planning Reimbursable School Meals for Menu Planners Instructor Manual,pdf,PDF viewer inside a training module,high,"Cafeteria Manager / Reimbursable Meals mapping from title, source, filename, and extracted headings."
cafeteria_manager,staff_training,icn-planning-reimbursable-school-meals-planning-reimbursable-school-meals-for-menu-planners-instructor-manual,Planning Reimbursable School Meals for Menu Planners Instructor Manual,pdf,PDF viewer inside a training module,high,"Cafeteria Manager / Staff Training mapping from title, source, filename, and extracted headings."
cafeteria_manager,menu_planning,icn-planning-reimbursable-school-meals-planning-reimbursable-school-meals-for-menu-planners-instructor-manual,Planning Reimbursable School Meals for Menu Planners Instructor Manual,pdf,PDF viewer inside a training module,high,"Cafeteria Manager / Menu Planning mapping from title, source, filename, and extracted headings."
district_admin,reimbursable_meals,icn-planning-reimbursable-school-meals-planning-reimbursable-school-meals-for-menu-planners-instructor-manual,Planning Reimbursable School Meals for Menu Planners Instructor Manual,pdf,PDF viewer inside a training module,high,"District Nutrition Director / Admin / Reimbursable Meals mapping from title, source, filename, and extracted headings."
district_admin,staff_training,icn-planning-reimbursable-school-meals-planning-reimbursable-school-meals-for-menu-planners-instructor-manual,Planning Reimbursable School Meals for Menu Planners Instructor Manual,pdf,PDF viewer inside a training module,high,"District Nutrition Director / Admin / Staff Training mapping from title, source, filename, and extracted headings."
district_admin,menu_planning,icn-planning-reimbursable-school-meals-planning-reimbursable-school-meals-for-menu-planners-instructor-manual,Planning Reimbursable School Meals for Menu Planners Instructor Manual,pdf,PDF viewer inside a training module,high,"District Nutrition Director / Admin / Menu Planning mapping from title, source, filename, and extracted headings."
cafeteria_manager,reimbursable_meals,icn-planning-reimbursable-school-meals-planning-reimbursable-school-meals-for-menu-planners-participant-workbook,Planning Reimbursable School Meals for Menu Planners Participant Workbook,pdf,PDF viewer inside a training module,high,"Cafeteria Manager / Reimbursable Meals mapping from title, source, filename, and extracted headings."
cafeteria_manager,staff_training,icn-planning-reimbursable-school-meals-planning-reimbursable-school-meals-for-menu-planners-participant-workbook,Planning Reimbursable School Meals for Menu Planners Participant Workbook,pdf,PDF viewer inside a training module,high,"Cafeteria Manager / Staff Training mapping from title, source, filename, and extracted headings."
cafeteria_manager,menu_planning,icn-planning-reimbursable-school-meals-planning-reimbursable-school-meals-for-menu-planners-participant-workbook,Planning Reimbursable School Meals for Menu Planners Participant Workbook,pdf,PDF viewer inside a training module,high,"Cafeteria Manager / Menu Planning mapping from title, source, filename, and extracted headings."
district_admin,reimbursable_meals,icn-planning-reimbursable-school-meals-planning-reimbursable-school-meals-for-menu-planners-participant-workbook,Planning Reimbursable School Meals for Menu Planners Participant Workbook,pdf,PDF viewer inside a training module,high,"District Nutrition Director / Admin / Reimbursable Meals mapping from title, source, filename, and extracted headings."
district_admin,staff_training,icn-planning-reimbursable-school-meals-planning-reimbursable-school-meals-for-menu-planners-participant-workbook,Planning Reimbursable School Meals for Menu Planners Participant Workbook,pdf,PDF viewer inside a training module,high,"District Nutrition Director / Admin / Staff Training mapping from title, source, filename, and extracted headings."
district_admin,menu_planning,icn-planning-reimbursable-school-meals-planning-reimbursable-school-meals-for-menu-planners-participant-workbook,Planning Reimbursable School Meals for Menu Planners Participant Workbook,pdf,PDF viewer inside a training module,high,"District Nutrition Director / Admin / Menu Planning mapping from title, source, filename, and extracted headings."
cafeteria_manager,reimbursable_meals,icn-planning-reimbursable-school-meals-planning-reimbursable-school-meals-for-menu-planners-slides,Planning Reimbursable School Meals for Menu Planners Slides,pptx,Slide-based lesson outline,high,"Cafeteria Manager / Reimbursable Meals mapping from title, source, filename, and extracted headings."
cafeteria_manager,menu_planning,icn-planning-reimbursable-school-meals-planning-reimbursable-school-meals-for-menu-planners-slides,Planning Reimbursable School Meals for Menu Planners Slides,pptx,Slide-based lesson outline,high,"Cafeteria Manager / Menu Planning mapping from title, source, filename, and extracted headings."
district_admin,reimbursable_meals,icn-planning-reimbursable-school-meals-planning-reimbursable-school-meals-for-menu-planners-slides,Planning Reimbursable School Meals for Menu Planners Slides,pptx,Slide-based lesson outline,high,"District Nutrition Director / Admin / Reimbursable Meals mapping from title, source, filename, and extracted headings."
district_admin,menu_planning,icn-planning-reimbursable-school-meals-planning-reimbursable-school-meals-for-menu-planners-slides,Planning Reimbursable School Meals for Menu Planners Slides,pptx,Slide-based lesson outline,high,"District Nutrition Director / Admin / Menu Planning mapping from title, source, filename, and extracted headings."
district_admin,food_safety,icn-discovery-planting-and-harvesting-food-safety-tips,Planting and Harvesting Food Safety Tips,webpage,Link-out resource card,high,"District Nutrition Director / Admin / Food Safety mapping from title, source, filename, and extracted headings."
cafeteria_manager,food_safety,icn-discovery-planting-and-harvesting-food-safety-tips,Planting and Harvesting Food Safety Tips,webpage,Link-out resource card,high,"Cafeteria Manager / Food Safety mapping from title, source, filename, and extracted headings."
frontline_cafeteria_staff,food_safety,icn-discovery-planting-and-harvesting-food-safety-tips,Planting and Harvesting Food Safety Tips,webpage,Link-out resource card,high,"Frontline Cafeteria Staff / Food Safety mapping from title, source, filename, and extracted headings."
cafeteria_manager,food_safety,icn-food-safety-in-schools-post-assessment,Post-Assessment,pdf,Reference PDF plus lesson and quiz source,high,"Cafeteria Manager / Food Safety mapping from title, source, filename, and extracted headings."
cafeteria_manager,staff_training,icn-food-safety-in-schools-post-assessment,Post-Assessment,pdf,PDF viewer inside a training module,high,"Cafeteria Manager / Staff Training mapping from title, source, filename, and extracted headings."
frontline_cafeteria_staff,food_safety,icn-food-safety-in-schools-post-assessment,Post-Assessment,pdf,Reference PDF plus lesson and quiz source,high,"Frontline Cafeteria Staff / Food Safety mapping from title, source, filename, and extracted headings."
frontline_cafeteria_staff,staff_training,icn-food-safety-in-schools-post-assessment,Post-Assessment,pdf,PDF viewer inside a training module,high,"Frontline Cafeteria Staff / Staff Training mapping from title, source, filename, and extracted headings."
cafeteria_manager,food_safety,icn-food-safety-in-schools-pre-assessment,Pre-Assessment,pdf,Reference PDF plus lesson and quiz source,high,"Cafeteria Manager / Food Safety mapping from title, source, filename, and extracted headings."
cafeteria_manager,staff_training,icn-food-safety-in-schools-pre-assessment,Pre-Assessment,pdf,PDF viewer inside a training module,high,"Cafeteria Manager / Staff Training mapping from title, source, filename, and extracted headings."
frontline_cafeteria_staff,food_safety,icn-food-safety-in-schools-pre-assessment,Pre-Assessment,pdf,Reference PDF plus lesson and quiz source,high,"Frontline Cafeteria Staff / Food Safety mapping from title, source, filename, and extracted headings."
frontline_cafeteria_staff,staff_training,icn-food-safety-in-schools-pre-assessment,Pre-Assessment,pdf,PDF viewer inside a training module,high,"Frontline Cafeteria Staff / Staff Training mapping from title, source, filename, and extracted headings."
cafeteria_manager,food_safety,icn-food-safety-in-schools-pre-post-assessment-answer-key,Pre:Post-Assessment Answer Key,pdf,Reference PDF plus lesson and quiz source,high,"Cafeteria Manager / Food Safety mapping from title, source, filename, and extracted headings."
cafeteria_manager,staff_training,icn-food-safety-in-schools-pre-post-assessment-answer-key,Pre:Post-Assessment Answer Key,pdf,PDF viewer inside a training module,high,"Cafeteria Manager / Staff Training mapping from title, source, filename, and extracted headings."
frontline_cafeteria_staff,food_safety,icn-food-safety-in-schools-pre-post-assessment-answer-key,Pre:Post-Assessment Answer Key,pdf,Reference PDF plus lesson and quiz source,high,"Frontline Cafeteria Staff / Food Safety mapping from title, source, filename, and extracted headings."
frontline_cafeteria_staff,staff_training,icn-food-safety-in-schools-pre-post-assessment-answer-key,Pre:Post-Assessment Answer Key,pdf,PDF viewer inside a training module,high,"Frontline Cafeteria Staff / Staff Training mapping from title, source, filename, and extracted headings."
cafeteria_manager,staff_training,icn-sodium-reduction-vilt-series-procurement-of-lower-sodium-foods-instructor-manual,Procurement of Lower-Sodium Foods Instructor Manual,pdf,PDF viewer inside a training module,high,"Cafeteria Manager / Staff Training mapping from title, source, filename, and extracted headings."
cafeteria_manager,forecasting,icn-sodium-reduction-vilt-series-procurement-of-lower-sodium-foods-instructor-manual,Procurement of Lower-Sodium Foods Instructor Manual,pdf,PDF viewer inside a training module,high,"Cafeteria Manager / Forecasting mapping from title, source, filename, and extracted headings."
district_admin,staff_training,icn-sodium-reduction-vilt-series-procurement-of-lower-sodium-foods-instructor-manual,Procurement of Lower-Sodium Foods Instructor Manual,pdf,PDF viewer inside a training module,high,"District Nutrition Director / Admin / Staff Training mapping from title, source, filename, and extracted headings."
district_admin,forecasting,icn-sodium-reduction-vilt-series-procurement-of-lower-sodium-foods-instructor-manual,Procurement of Lower-Sodium Foods Instructor Manual,pdf,PDF viewer inside a training module,high,"District Nutrition Director / Admin / Forecasting mapping from title, source, filename, and extracted headings."
district_admin,staff_training,icn-sodium-reduction-vilt-series-procurement-of-lower-sodium-foods-participant-workbook,Procurement of Lower-Sodium Foods Participant Workbook,pdf,PDF viewer inside a training module,high,"District Nutrition Director / Admin / Staff Training mapping from title, source, filename, and extracted headings."
district_admin,forecasting,icn-sodium-reduction-vilt-series-procurement-of-lower-sodium-foods-participant-workbook,Procurement of Lower-Sodium Foods Participant Workbook,pdf,PDF viewer inside a training module,high,"District Nutrition Director / Admin / Forecasting mapping from title, source, filename, and extracted headings."
cafeteria_manager,staff_training,icn-sodium-reduction-vilt-series-procurement-of-lower-sodium-foods-participant-workbook,Procurement of Lower-Sodium Foods Participant Workbook,pdf,PDF viewer inside a training module,high,"Cafeteria Manager / Staff Training mapping from title, source, filename, and extracted headings."
cafeteria_manager,forecasting,icn-sodium-reduction-vilt-series-procurement-of-lower-sodium-foods-participant-workbook,Procurement of Lower-Sodium Foods Participant Workbook,pdf,PDF viewer inside a training module,high,"Cafeteria Manager / Forecasting mapping from title, source, filename, and extracted headings."
district_admin,staff_training,icn-sodium-reduction-vilt-series-procurement-of-lower-sodium-foods-presentation,Procurement of Lower-Sodium Foods Presentation,pptx,Slide deck for manager-led training,high,"District Nutrition Director / Admin / Staff Training mapping from title, source, filename, and extracted headings."
district_admin,forecasting,icn-sodium-reduction-vilt-series-procurement-of-lower-sodium-foods-presentation,Procurement of Lower-Sodium Foods Presentation,pptx,Slide-based lesson outline,high,"District Nutrition Director / Admin / Forecasting mapping from title, source, filename, and extracted headings."
cafeteria_manager,staff_training,icn-sodium-reduction-vilt-series-procurement-of-lower-sodium-foods-presentation,Procurement of Lower-Sodium Foods Presentation,pptx,Slide deck for manager-led training,high,"Cafeteria Manager / Staff Training mapping from title, source, filename, and extracted headings."
cafeteria_manager,forecasting,icn-sodium-reduction-vilt-series-procurement-of-lower-sodium-foods-presentation,Procurement of Lower-Sodium Foods Presentation,pptx,Slide-based lesson outline,high,"Cafeteria Manager / Forecasting mapping from title, source, filename, and extracted headings."
frontline_cafeteria_staff,food_safety,icn-food-safety-basics-school-employee-health-and-personal-hygiene-video-mini-series-part-1-reporting-illness,School Employee Health and Personal Hygiene Video Mini-Series Part 1- Reporting Illness,video_local,Embedded local video clip,high,"Frontline Cafeteria Staff / Food Safety mapping from title, source, filename, and extracted headings."
cafeteria_manager,food_safety,icn-food-safety-basics-school-employee-health-and-personal-hygiene-video-mini-series-part-1-reporting-illness,School Employee Health and Personal Hygiene Video Mini-Series Part 1- Reporting Illness,video_local,Embedded local video clip,high,"Cafeteria Manager / Food Safety mapping from title, source, filename, and extracted headings."
frontline_cafeteria_staff,food_safety,icn-food-safety-basics-school-employee-health-and-personal-hygiene-video-mini-series-part-2-handling-illness,School Employee Health and Personal Hygiene Video Mini-Series Part 2- Handling Illness,video_local,Embedded local video clip,high,"Frontline Cafeteria Staff / Food Safety mapping from title, source, filename, and extracted headings."
cafeteria_manager,food_safety,icn-food-safety-basics-school-employee-health-and-personal-hygiene-video-mini-series-part-2-handling-illness,School Employee Health and Personal Hygiene Video Mini-Series Part 2- Handling Illness,video_local,Embedded local video clip,high,"Cafeteria Manager / Food Safety mapping from title, source, filename, and extracted headings."
frontline_cafeteria_staff,food_safety,icn-food-safety-basics-school-employee-health-and-personal-hygiene-video-mini-series-part-3-preventing-illness,School Employee Health and Personal Hygiene Video Mini-Series Part 3- Preventing Illness,video_local,Embedded local video clip,high,"Frontline Cafeteria Staff / Food Safety mapping from title, source, filename, and extracted headings."
cafeteria_manager,food_safety,icn-food-safety-basics-school-employee-health-and-personal-hygiene-video-mini-series-part-3-preventing-illness,School Employee Health and Personal Hygiene Video Mini-Series Part 3- Preventing Illness,video_local,Embedded local video clip,high,"Cafeteria Manager / Food Safety mapping from title, source, filename, and extracted headings."
cafeteria_manager,customer_service,icn-discovery-school-nutrition-videos-best-practices-for-operations-and-teamwork,School Nutrition Videos: Best Practices for Operations and Teamwork,webpage,Link-out resource card,high,"Cafeteria Manager / Customer Service mapping from title, source, filename, and extracted headings."
cafeteria_manager,cafeteria_operations,icn-discovery-school-nutrition-videos-best-practices-for-operations-and-teamwork,School Nutrition Videos: Best Practices for Operations and Teamwork,webpage,Link-out resource card,high,"Cafeteria Manager / Cafeteria Operations mapping from title, source, filename, and extracted headings."
district_admin,customer_service,icn-discovery-school-nutrition-videos-best-practices-for-operations-and-teamwork,School Nutrition Videos: Best Practices for Operations and Teamwork,webpage,Link-out resource card,high,"District Nutrition Director / Admin / Customer Service mapping from title, source, filename, and extracted headings."
district_admin,cafeteria_operations,icn-discovery-school-nutrition-videos-best-practices-for-operations-and-teamwork,School Nutrition Videos: Best Practices for Operations and Teamwork,webpage,Link-out resource card,high,"District Nutrition Director / Admin / Cafeteria Operations mapping from title, source, filename, and extracted headings."
cafeteria_manager,staff_training,icn-sodium-reduction-vilt-series-staff-training-and-engagement-for-sodium-reduction-success-instructor-manual,Staff Training and Engagement for Sodium Reduction Success Instructor Manual,pdf,PDF viewer inside a training module,high,"Cafeteria Manager / Staff Training mapping from title, source, filename, and extracted headings."
frontline_cafeteria_staff,staff_training,icn-sodium-reduction-vilt-series-staff-training-and-engagement-for-sodium-reduction-success-instructor-manual,Staff Training and Engagement for Sodium Reduction Success Instructor Manual,pdf,PDF viewer inside a training module,high,"Frontline Cafeteria Staff / Staff Training mapping from title, source, filename, and extracted headings."
frontline_cafeteria_staff,staff_training,icn-sodium-reduction-vilt-series-staff-training-and-engagement-for-sodium-reduction-success-127839-staff-training-and-engag,Staff Training and Engagement for Sodium Reduction Success Participant Workbook,pdf,PDF viewer inside a training module,high,"Frontline Cafeteria Staff / Staff Training mapping from title, source, filename, and extracted headings."
cafeteria_manager,staff_training,icn-sodium-reduction-vilt-series-staff-training-and-engagement-for-sodium-reduction-success-127839-staff-training-and-engag,Staff Training and Engagement for Sodium Reduction Success Participant Workbook,pdf,PDF viewer inside a training module,high,"Cafeteria Manager / Staff Training mapping from title, source, filename, and extracted headings."
frontline_cafeteria_staff,staff_training,icn-sodium-reduction-vilt-series-staff-training-and-engagement-for-sodium-reduction-success-participant-workbook,Staff Training and Engagement for Sodium Reduction Success Participant Workbook,pptx,Slide deck for manager-led training,high,"Frontline Cafeteria Staff / Staff Training mapping from title, source, filename, and extracted headings."
cafeteria_manager,staff_training,icn-sodium-reduction-vilt-series-staff-training-and-engagement-for-sodium-reduction-success-participant-workbook,Staff Training and Engagement for Sodium Reduction Success Participant Workbook,pptx,Slide deck for manager-led training,high,"Cafeteria Manager / Staff Training mapping from title, source, filename, and extracted headings."
frontline_cafeteria_staff,thermometer_use,icn-discovery-use-that-thermometer,Use That Thermometer!,webpage,Link-out resource card,high,"Frontline Cafeteria Staff / Thermometer Use mapping from title, source, filename, and extracted headings."
district_admin,thermometer_use,icn-discovery-use-that-thermometer,Use That Thermometer!,webpage,Link-out resource card,high,"District Nutrition Director / Admin / Thermometer Use mapping from title, source, filename, and extracted headings."
frontline_cafeteria_staff,thermometer_use,icn-discovery-using-food-thermometers,Using Food Thermometers,webpage,Link-out resource card,high,"Frontline Cafeteria Staff / Thermometer Use mapping from title, source, filename, and extracted headings."
district_admin,thermometer_use,icn-discovery-using-food-thermometers,Using Food Thermometers,webpage,Link-out resource card,high,"District Nutrition Director / Admin / Thermometer Use mapping from title, source, filename, and extracted headings."
frontline_cafeteria_staff,food_safety,icn-food-safety-videos-using-thermometers-360p,Using Thermometers [360p],video_local,Embedded local video clip,high,"Frontline Cafeteria Staff / Food Safety mapping from title, source, filename, and extracted headings."
frontline_cafeteria_staff,thermometer_use,icn-food-safety-videos-using-thermometers-360p,Using Thermometers [360p],video_local,Embedded local video clip,high,"Frontline Cafeteria Staff / Thermometer Use mapping from title, source, filename, and extracted headings."
cafeteria_manager,food_safety,icn-food-safety-videos-using-thermometers-360p,Using Thermometers [360p],video_local,Embedded local video clip,high,"Cafeteria Manager / Food Safety mapping from title, source, filename, and extracted headings."
cafeteria_manager,thermometer_use,icn-food-safety-videos-using-thermometers-360p,Using Thermometers [360p],video_local,Embedded local video clip,high,"Cafeteria Manager / Thermometer Use mapping from title, source, filename, and extracted headings."
frontline_cafeteria_staff,thermometer_use,icn-discovery-using-and-calibrating-thermometers,Using and Calibrating Thermometers,webpage,Link-out resource card,high,"Frontline Cafeteria Staff / Thermometer Use mapping from title, source, filename, and extracted headings."
district_admin,thermometer_use,icn-discovery-using-and-calibrating-thermometers,Using and Calibrating Thermometers,webpage,Link-out resource card,high,"District Nutrition Director / Admin / Thermometer Use mapping from title, source, filename, and extracted headings."
district_admin,food_safety,icn-discovery-verifying-on-farm-food-safety-fact-sheet,Verifying On-Farm Food Safety Fact Sheet,webpage,Link-out resource card,high,"District Nutrition Director / Admin / Food Safety mapping from title, source, filename, and extracted headings."
cafeteria_manager,food_safety,icn-discovery-verifying-on-farm-food-safety-fact-sheet,Verifying On-Farm Food Safety Fact Sheet,webpage,Link-out resource card,high,"Cafeteria Manager / Food Safety mapping from title, source, filename, and extracted headings."
frontline_cafeteria_staff,food_safety,icn-discovery-verifying-on-farm-food-safety-fact-sheet,Verifying On-Farm Food Safety Fact Sheet,webpage,Link-out resource card,high,"Frontline Cafeteria Staff / Food Safety mapping from title, source, filename, and extracted headings."
frontline_cafeteria_staff,food_safety,icn-food-safety-in-schools-video-clip-calibrating-thermometers,Video Clip Calibrating Thermometers,video_local,Embedded local video clip,high,"Frontline Cafeteria Staff / Food Safety mapping from title, source, filename, and extracted headings."
frontline_cafeteria_staff,thermometer_use,icn-food-safety-in-schools-video-clip-calibrating-thermometers,Video Clip Calibrating Thermometers,video_local,Embedded local video clip,high,"Frontline Cafeteria Staff / Thermometer Use mapping from title, source, filename, and extracted headings."
cafeteria_manager,food_safety,icn-food-safety-in-schools-video-clip-calibrating-thermometers,Video Clip Calibrating Thermometers,video_local,Embedded local video clip,high,"Cafeteria Manager / Food Safety mapping from title, source, filename, and extracted headings."
cafeteria_manager,thermometer_use,icn-food-safety-in-schools-video-clip-calibrating-thermometers,Video Clip Calibrating Thermometers,video_local,Embedded local video clip,high,"Cafeteria Manager / Thermometer Use mapping from title, source, filename, and extracted headings."
frontline_cafeteria_staff,food_safety,icn-food-safety-in-schools-video-clip-cooling-food,Video Clip Cooling Food,video_local,Embedded local video clip,high,"Frontline Cafeteria Staff / Food Safety mapping from title, source, filename, and extracted headings."
frontline_cafeteria_staff,cooling_food,icn-food-safety-in-schools-video-clip-cooling-food,Video Clip Cooling Food,video_local,Embedded local video clip,high,"Frontline Cafeteria Staff / Cooling Food mapping from title, source, filename, and extracted headings."
cafeteria_manager,food_safety,icn-food-safety-in-schools-video-clip-cooling-food,Video Clip Cooling Food,video_local,Embedded local video clip,high,"Cafeteria Manager / Food Safety mapping from title, source, filename, and extracted headings."
cafeteria_manager,cooling_food,icn-food-safety-in-schools-video-clip-cooling-food,Video Clip Cooling Food,video_local,Embedded local video clip,high,"Cafeteria Manager / Cooling Food mapping from title, source, filename, and extracted headings."
frontline_cafeteria_staff,food_safety,icn-food-safety-in-schools-video-clip-process-approach-overview,Video Clip Process Approach Overview,video_local,Embedded local video clip,high,"Frontline Cafeteria Staff / Food Safety mapping from title, source, filename, and extracted headings."
cafeteria_manager,food_safety,icn-food-safety-in-schools-video-clip-process-approach-overview,Video Clip Process Approach Overview,video_local,Embedded local video clip,high,"Cafeteria Manager / Food Safety mapping from title, source, filename, and extracted headings."
frontline_cafeteria_staff,food_safety,icn-food-safety-in-schools-video-clip-using-thermometers,Video Clip Using Thermometers,video_local,Embedded local video clip,high,"Frontline Cafeteria Staff / Food Safety mapping from title, source, filename, and extracted headings."
frontline_cafeteria_staff,thermometer_use,icn-food-safety-in-schools-video-clip-using-thermometers,Video Clip Using Thermometers,video_local,Embedded local video clip,high,"Frontline Cafeteria Staff / Thermometer Use mapping from title, source, filename, and extracted headings."
district_admin,food_safety,icn-food-safety-in-schools-video-clip-using-thermometers,Video Clip Using Thermometers,video_local,Embedded local video clip,high,"District Nutrition Director / Admin / Food Safety mapping from title, source, filename, and extracted headings."
district_admin,thermometer_use,icn-food-safety-in-schools-video-clip-using-thermometers,Video Clip Using Thermometers,video_local,Embedded local video clip,high,"District Nutrition Director / Admin / Thermometer Use mapping from title, source, filename, and extracted headings."
cafeteria_manager,food_safety,icn-food-safety-in-schools-video-clip-using-thermometers,Video Clip Using Thermometers,video_local,Embedded local video clip,high,"Cafeteria Manager / Food Safety mapping from title, source, filename, and extracted headings."
cafeteria_manager,thermometer_use,icn-food-safety-in-schools-video-clip-using-thermometers,Video Clip Using Thermometers,video_local,Embedded local video clip,high,"Cafeteria Manager / Thermometer Use mapping from title, source, filename, and extracted headings."
frontline_cafeteria_staff,food_safety,icn-food-safety-in-schools-video-clip-wash-your-hands-educating-the-school-community,Video Clip Wash Your Hands- Educating the School Community,video_local,Embedded local video clip,high,"Frontline Cafeteria Staff / Food Safety mapping from title, source, filename, and extracted headings."
frontline_cafeteria_staff,handwashing,icn-food-safety-in-schools-video-clip-wash-your-hands-educating-the-school-community,Video Clip Wash Your Hands- Educating the School Community,video_local,Embedded local video clip,high,"Frontline Cafeteria Staff / Handwashing mapping from title, source, filename, and extracted headings."
cafeteria_manager,food_safety,icn-food-safety-in-schools-video-clip-wash-your-hands-educating-the-school-community,Video Clip Wash Your Hands- Educating the School Community,video_local,Embedded local video clip,high,"Cafeteria Manager / Food Safety mapping from title, source, filename, and extracted headings."
cafeteria_manager,handwashing,icn-food-safety-in-schools-video-clip-wash-your-hands-educating-the-school-community,Video Clip Wash Your Hands- Educating the School Community,video_local,Embedded local video clip,high,"Cafeteria Manager / Handwashing mapping from title, source, filename, and extracted headings."
cafeteria_manager,manager_responsibilities,icn-discovery-click-here-to-view-managers-corner-formerly-no-time-to-train,click here to view Manager’s Corner (Formerly No Time to Train),webpage,Link-out resource card,high,"Cafeteria Manager / Manager Responsibilities mapping from title, source, filename, and extracted headings."
district_admin,manager_responsibilities,icn-discovery-click-here-to-view-managers-corner-formerly-no-time-to-train,click here to view Manager’s Corner (Formerly No Time to Train),webpage,Link-out resource card,high,"District Nutrition Director / Admin / Manager Responsibilities mapping from title, source, filename, and extracted headings."
cafeteria_manager,manager_responsibilities,icn-cmenu-planning-tools-managers-corner-cycle-menus,Managers Corner Cycle Menus,pdf,PDF viewer inside a training module,high,"Cafeteria Manager / Manager Responsibilities mapping from title, source, filename, and extracted headings."
cafeteria_manager,menu_planning,icn-cmenu-planning-tools-managers-corner-cycle-menus,Managers Corner Cycle Menus,pdf,PDF viewer inside a training module,high,"Cafeteria Manager / Menu Planning mapping from title, source, filename, and extracted headings."
district_admin,manager_responsibilities,icn-cmenu-planning-tools-managers-corner-cycle-menus,Managers Corner Cycle Menus,pdf,PDF viewer inside a training module,high,"District Nutrition Director / Admin / Manager Responsibilities mapping from title, source, filename, and extracted headings."
district_admin,menu_planning,icn-cmenu-planning-tools-managers-corner-cycle-menus,Managers Corner Cycle Menus,pdf,PDF viewer inside a training module,high,"District Nutrition Director / Admin / Menu Planning mapping from title, source, filename, and extracted headings."
cafeteria_manager,manager_responsibilities,icn-cmenu-planning-tools-managers-corner-forecasting,Managers Corner Forecasting,pdf,PDF viewer inside a training module,high,"Cafeteria Manager / Manager Responsibilities mapping from title, source, filename, and extracted headings."
cafeteria_manager,forecasting,icn-cmenu-planning-tools-managers-corner-forecasting,Managers Corner Forecasting,pdf,PDF viewer inside a training module,high,"Cafeteria Manager / Forecasting mapping from title, source, filename, and extracted headings."
district_admin,manager_responsibilities,icn-cmenu-planning-tools-managers-corner-forecasting,Managers Corner Forecasting,pdf,PDF viewer inside a training module,high,"District Nutrition Director / Admin / Manager Responsibilities mapping from title, source, filename, and extracted headings."
district_admin,forecasting,icn-cmenu-planning-tools-managers-corner-forecasting,Managers Corner Forecasting,pdf,PDF viewer inside a training module,high,"District Nutrition Director / Admin / Forecasting mapping from title, source, filename, and extracted headings."
cafeteria_manager,manager_responsibilities,icn-cmenu-planning-tools-managers-corner-production-records,Managers Corner Production Records,pdf,PDF viewer inside a training module,medium,"Cafeteria Manager / Manager Responsibilities mapping from title, source, filename, and extracted headings."
cafeteria_manager,production_records,icn-cmenu-planning-tools-managers-corner-production-records,Managers Corner Production Records,pdf,PDF viewer inside a training module,medium,"Cafeteria Manager / Production Records mapping from title, source, filename, and extracted headings."
cashier,pos,msde-school-nutrition-training-point-of-service-duty,School Nutrition Training: Point of Service Duty,video_youtube,Embed as POS or topic intro video,high,"POS Cashier / Point of Service mapping from title, source, filename, and extracted headings."
cashier,customer_service,msde-school-nutrition-training-point-of-service-duty,School Nutrition Training: Point of Service Duty,video_youtube,Embed as POS or topic intro video,high,"POS Cashier / Customer Service mapping from title, source, filename, and extracted headings."
cashier,staff_training,msde-school-nutrition-training-point-of-service-duty,School Nutrition Training: Point of Service Duty,video_youtube,Embed as POS or topic intro video,high,"POS Cashier / Staff Training mapping from title, source, filename, and extracted headings."
cashier,meal_counting,msde-school-nutrition-training-point-of-service-duty,School Nutrition Training: Point of Service Duty,video_youtube,Embed as POS or topic intro video,high,"POS Cashier / Meal Counting mapping from title, source, filename, and extracted headings."
cashier,reimbursable_meals,msde-school-nutrition-training-point-of-service-duty,School Nutrition Training: Point of Service Duty,video_youtube,Embed as POS or topic intro video,high,"POS Cashier / Reimbursable Meals mapping from title, source, filename, and extracted headings."
cafeteria_manager,pos,msde-school-nutrition-training-point-of-service-duty,School Nutrition Training: Point of Service Duty,video_youtube,Embed as POS or topic intro video,high,"Cafeteria Manager / Point of Service mapping from title, source, filename, and extracted headings."
cafeteria_manager,customer_service,msde-school-nutrition-training-point-of-service-duty,School Nutrition Training: Point of Service Duty,video_youtube,Embed as POS or topic intro video,high,"Cafeteria Manager / Customer Service mapping from title, source, filename, and extracted headings."
cafeteria_manager,staff_training,msde-school-nutrition-training-point-of-service-duty,School Nutrition Training: Point of Service Duty,video_youtube,Embed as POS or topic intro video,high,"Cafeteria Manager / Staff Training mapping from title, source, filename, and extracted headings."
cafeteria_manager,meal_counting,msde-school-nutrition-training-point-of-service-duty,School Nutrition Training: Point of Service Duty,video_youtube,Embed as POS or topic intro video,high,"Cafeteria Manager / Meal Counting mapping from title, source, filename, and extracted headings."
cafeteria_manager,reimbursable_meals,msde-school-nutrition-training-point-of-service-duty,School Nutrition Training: Point of Service Duty,video_youtube,Embed as POS or topic intro video,high,"Cafeteria Manager / Reimbursable Meals mapping from title, source, filename, and extracted headings."
frontline_cafeteria_staff,pos,msde-school-nutrition-training-point-of-service-duty,School Nutrition Training: Point of Service Duty,video_youtube,Embed as POS or topic intro video,high,"Frontline Cafeteria Staff / Point of Service mapping from title, source, filename, and extracted headings."
frontline_cafeteria_staff,customer_service,msde-school-nutrition-training-point-of-service-duty,School Nutrition Training: Point of Service Duty,video_youtube,Embed as POS or topic intro video,high,"Frontline Cafeteria Staff / Customer Service mapping from title, source, filename, and extracted headings."
frontline_cafeteria_staff,staff_training,msde-school-nutrition-training-point-of-service-duty,School Nutrition Training: Point of Service Duty,video_youtube,Embed as POS or topic intro video,high,"Frontline Cafeteria Staff / Staff Training mapping from title, source, filename, and extracted headings."
frontline_cafeteria_staff,meal_counting,msde-school-nutrition-training-point-of-service-duty,School Nutrition Training: Point of Service Duty,video_youtube,Embed as POS or topic intro video,high,"Frontline Cafeteria Staff / Meal Counting mapping from title, source, filename, and extracted headings."
frontline_cafeteria_staff,reimbursable_meals,msde-school-nutrition-training-point-of-service-duty,School Nutrition Training: Point of Service Duty,video_youtube,Embed as POS or topic intro video,high,"Frontline Cafeteria Staff / Reimbursable Meals mapping from title, source, filename, and extracted headings."
